1,2,3,4,5,6,7,8,9,10,11,12,13,14,15,16,17,18,19,20,21,22,23,24,25,26,27,28,29,30,31,32,33,34,35,36,37,38,39,40,41,42,43,44,45,46,47,48,49,50,51,52,53,54,55,56,57,58,59,60,61,62,63,64,65,66,67,68,69,70,71,72,73,74,75,76,77,78,79,80,81,82,83
Payment System Indicators,,,,,,,,,,,,,,,,,,,,,,,,,,,,,,,,,,,,,,,,,,,,,,,,,,,,,,,,,,,,,,,,,,,,,,,,,,,,,,,,,,
Month/Year,1   RTGS,,1.1  Customer Transactions,,1.2  Interbank Transactions,,1.3  Interbank Clearing,,+L2+K4:V5,,2.1  CBLO,,2.2  Govt. Securities Clearing,,2.2.1  Outright,,2.2.2  Repo,,2.2.3 Tri-party Repo,,2.3  Forex Clearing,,3   Paper Clearing,,3.1  Cheque Truncation System (CTS),,3.2  MICR Clearing,,3.2.1  RBI Centres,,3.2.2  Other Centres,,3.3  Non-MICR Clearing,,4   Retail Electronic Clearing,,4.1  ECS DR,,4.2  ECS CR (includes NECS),,4.3  EFT/NEFT,,4.4  Immediate Payment Service (IMPS),,4.6 National Automated Clearing House (NACH),,5   Cards,,5.1  Credit Cards,,5.1.1  Usage at ATMs,,5.1.2  Usage at POS,,5.2  Debit Cards,,5.2.1  Usage at ATMs,,5.2.2  Usage at POS,,6   Prepaid Payment Instruments (PPIs),,6.1  m-Wallet,,6.2  PPI Cards,,6.3  Paper Vouchers,,7   Mobile Banking,,8   Cards Outstanding,,8.1  Credit Card,,8.2  Debit Card,,9   Number of ATMs (in actuals),,10 Number of POS (in actuals),,11 Grand Total (1.1+1.2+2+3+4+5+6),
,Volume (Lakh),Value( Rupees Crores ),Volume (Lakh),Value( Rupees Crores ),Volume (Lakh),Value( Rupees Crores ),Volume (Lakh),Value( Rupees Crores ),Volume (Lakh),Value( Rupees Crores ),Volume (Lakh),Value( Rupees Crores ),Volume (Lakh),Value( Rupees Crores ),Volume (Lakh),Value( Rupees Crores ),Volume (Lakh),Value( Rupees Crores ),Volume (Lakh),Value( Rupees Crores ),Volume (Lakh),Value( Rupees Crores ),Volume (Lakh),Value( Rupees Crores ),Volume (Lakh),Value( Rupees Crores ),Volume (Lakh),Value( Rupees Crores ),Volume (Lakh),Value( Rupees Crores ),Volume (Lakh),Value( Rupees Crores ),Volume (Lakh),Value( Rupees Crores ),Volume (Lakh),Value( Rupees Crores ),Volume (Lakh),Value( Rupees Crores ),Volume (Lakh),Value( Rupees Crores ),Volume (Lakh),Value( Rupees Crores ),Volume (Lakh),Value( Rupees Crores ),Volume (Lakh),Value( Rupees Crores ),Volume (Lakh),Value( Rupees Crores ),Volume (Lakh),Value( Rupees Crores ),Volume (Lakh),Value( Rupees Crores ),Volume (Lakh),Value( Rupees Crores ),Volume (Lakh),Value( Rupees Crores ),Volume (Lakh),Value( Rupees Crores ),Volume (Lakh),Value( Rupees Crores ),Volume (Lakh),Value( Rupees Crores ),Volume (Lakh),Value( Rupees Crores ),Volume (Lakh),Value( Rupees Crores ),Volume (Lakh),Value( Rupees Crores ),Volume (Lakh),Value( Rupees Crores ),Volume (Lakh),Value( Rupees Crores ),Volume (Lakh),Value( Rupees Crores ),Volume (Lakh),Value( Rupees Crores ),Volume (Lakh),Value( Rupees Crores ),Volume (Lakh),Value( Rupees Crores ),Volume (Lakh),Value( Rupees Crores )
Oct-2019,128.92374,13861415.2,126.66193,8937536.16,2.23816,1475446.23,0.02365,3448432.88,2.60221,10134697.8,-,-,0.89598,6266764.47,0.53492,777815.655,0.18514,2220319.26,0.17592,3268629.55,1.70623,3867933.39,898.06623,660305.109,896.74664,659143.946,-,-,-,-,-,-,1.31959,1161.1632,8399.73729,2274304.97,0.00031,0.0331,0.16442,82.2862,2424,1860790,2369.29924,212660.443,3606.27332,200772.207,15176.4333,457310.585,2036.00032,71552.1779,8.37367,413.4523,2027.62665,71138.7255,13140.4329,385758.407,8590.42732,315632.808,4550.00566,70125.5985,4848.26318,18658.2571,3393.2542,15109.2432,1455.00898,3549.0139,0,0,12418.0054,532759.213,8969.80878,-,533.58641,-,8436.22237,-,229374,-,4825074,-,29454.0023,23958259.1
Sep-2019,114.42059,14298230.4,112.28466,9383141.63,2.11263,1700327.92,0.0233,3214760.88,2.83466,10186795.8,-,-,1.01358,5929702.05,0.66863,952087.085,0.17933,2075681.62,0.16562,2901933.35,1.82108,4257093.8,828.04234,591754.464,826.5467,590477.63,-,-,-,-,-,-,1.49564,1276.8336,7091.97183,2140620.91,0.00016,0.0183,0.12038,134.9688,2167,1811781,2041.6,183746.97,2883.25129,144957.953,13892.4333,389350.029,1802.88189,59845.3181,8.17667,392.1855,1794.70522,59453.1326,12089.5515,329504.711,7940.21516,273786.425,4149.33634,55718.2865,4033.61025,17835.3312,3402.11329,14674.5249,631.49696,3160.8062,0,0,10980.2555,470168.165,8881.83567,-,525.89719,-,8355.93848,-,227886,-,4589727,-,25963.2897,24409826.1
Aug-2019,118.79496,14842137.7,116.56035,9829147.02,2.21095,1694481.6,0.02366,3318509.13,3.34167,10510798.8,-,-,1.2951,6471124.98,0.93222,1292194.74,0.18595,2162776.64,0.17693,3016153.6,2.04657,4039673.86,878.22062,637093.478,875.54973,635054.551,-,-,-,-,-,-,2.67089,2038.927,7299.24229,2136862.52,0.03565,6.7338,3.38453,913.918,2212.6,1796152.8,2003.1,189112.88,3080.12211,150676.186,14240.5836,405536.028,1804.30796,60010.9238,8.57567,410.3343,1795.73229,59600.5895,12436.2756,345525.104,8143.08309,287447.528,4293.1926,58077.5761,4070.66465,18323.5516,3491.17735,15462.2697,579.4873,2861.2819,0,0,10072.4319,328042.98,8778.95858,-,517.65489,-,8261.30369,-,228170,-,4409250,-,26610.8241,25232243
Jul-2019,127.44781,16004194.3,125.06822,10886126.2,2.35274,1690930.41,0.02685,3427137.67,3.61953,11683805.8,-,-,1.77924,7518961.89,1.35958,1766292.2,0.22878,2562517.24,0.19088,3190152.45,1.84029,4164843.94,937.13041,682193.847,934.30107,680014.522,-,-,-,-,-,-,2.82934,2179.3252,6887.21143,2114124.47,0.22124,4.1418,2.82199,968.0414,2194.1926,1784264.3,1892.76259,182021.006,2797.21301,146866.986,14209.3753,400703.078,1792.82148,60025.2568,8.66443,408.8705,1784.15705,59616.3862,12416.5538,340677.821,8160.1477,282132.751,4256.40612,58545.0702,4075.89007,18436.9424,3469.03863,15732.954,606.85144,2703.9884,0,0,9175.84184,533846.147,8656.49635,-,502.63911,-,8153.85724,-,227629,-,4252850,-,26240.6477,27476320.8
Jun-2019,118.25641,15299131.4,115.99295,10177607.7,2.2395,1824134.85,0.02396,3297388.79,3.10141,10918362.6,-,-,1.48385,6828452.44,1.11237,1507446.32,0.20472,2441203.67,0.16676,2879802.45,1.61756,4089910.25,839.64318,631026.439,836.46297,628245.83,-,-,-,-,-,-,3.18021,2780.6093,6436.48461,2058081.45,0.26889,9.0956,3.29926,924.3439,1991.40026,1749645,1713.25093,173019.272,2728.26527,134483.747,13766.6501,398172.959,1640.45532,57316.7778,8.12043,388.3622,1632.33489,56928.4156,12126.1948,340856.181,8004.84063,283402.894,4121.35421,57453.2877,3898.18845,17763.557,3344.89124,15254.2606,553.29721,2509.2964,0,0,8486.064,497543.057,8615.92636,-,496.48103,-,8119.44533,-,226839,-,4068954,-,25062.3002,26025149.7
May-2019,124.91084,15837963.2,122.24083,10488616.3,2.64307,1908765.72,0.02694,3440581.22,3.14633,10898782.3,-,-,1.27076,6443830.26,0.85941,1032917.72,0.22452,2416630.84,0.18683,2994281.7,1.87557,4454952.11,921.11318,717078.46,917.67002,713687.504,-,-,-,-,-,-,3.44316,3390.9554,6838.13947,2483416.15,0.32797,9.2691,2.93651,776.8162,2176.80014,2127773.88,1833.25238,180456.439,2824.82247,174399.742,14022.837,414413.345,1740.42606,61699.7857,8.89516,417.3211,1731.5309,61282.4646,12282.411,352713.56,8157.10204,294666.756,4125.30896,58046.8033,4189.97872,18297.3786,3674.54614,15727.0843,515.43258,2570.2942,0,0,8417.38397,485008.294,8493.57875,-,489.20802,-,8004.37073,-,227227,-,3845111,-,26100.0986,26929369.7
Apr-2019,114.75242,14848120.2,112.27648,9308065.92,2.45265,1937265.52,0.02329,3602788.8,2.47587,9507803.45,-,-,0.9009,4874872.68,0.58435,791580.259,0.16149,1685733.58,0.15506,2397558.85,1.57497,4632930.77,897.93159,726811.819,893.57858,723532.669,-,-,-,-,-,-,4.35301,3279.1494,7318.52427,2380105.16,0.28593,9.2153,5.17811,1186.8623,2034.38935,2054669.35,1850.44153,169197.076,3428.22935,155042.66,13897.7479,397862.899,1677.85442,58115.6931,8.64856,401.6582,1669.20586,57714.0349,12219.8935,339747.206,8089.09049,284396.333,4130.80303,55350.873,4209.74266,18553.866,3806.23062,15975.1707,403.51204,2578.6953,0,0,8812.34603,402017.506,9082.91523,-,479.968,-,8602.94723,-,227164,-,3757621,-,26441.1514,24276468.6
Mar-2019,136.43094,19069310.1,133.54762,12555100.3,2.85772,2317834.49,0.0256,4196375.29,2.78544,10314777.4,-,-,0.93453,5373104.81,0.59384,736113,0.16515,1854059.26,0.17554,2782932.55,1.85091,4941672.62,997.57124,765815.356,991.6151,761047.443,-,-,-,-,-,-,5.95614,4767.9125,7273.18732,2887855.02,0.24122,8.9775,2.52315,1047.5876,2423.88503,2547001.08,1901.80056,176288.88,2944.73736,163508.499,14622.6357,400072.504,1632.74155,58062.1414,8.62737,398.3283,1624.11418,57663.8131,12989.8941,342010.363,8914.23739,288999.214,4075.6568,53011.149,4272.40089,18598.8708,3846.67667,15785.8639,425.72422,2813.007,-,-,8729.26509,440152.745,9529.01762,-,470.886,-,9058.13162,-,221703,-,3722229,-,27304.9859,29260054
Feb-2019,110.88044,14646818.8,108.3753,9457625.71,2.48163,1818359.43,0.02351,3370833.72,2.72182,9896252.73,-,-,0.99654,5979584.97,0.64735,791297.469,0.16734,2115491.36,0.18185,3072796.15,1.72528,3916667.76,869.92588,641449.087,862.74417,636968.426,-,-,-,-,-,-,7.18171,4480.6614,6336.1057,2202620,0.33004,14.968,3.73297,1440.4925,2011,1921430,1663.73374,149342.604,2657.30895,130391.937,13065.2571,353805.837,1421.28778,48866.2016,7.92599,370.0441,1413.36179,48496.1575,11643.9693,304939.636,8179.15222,259430.733,3464.8171,45508.902,3848.51382,16497.226,3448.27036,14081.6874,400.24346,2415.5386,0,0,7394.05947,304725.052,9770.06019,-,460.616,-,9309.44419,-,221786,-,3636851,-,24233.3812,24386610
Jan-2019,117.80241,15657031.8,115.04066,10699192.2,2.74894,1780510.91,0.01281,3177328.69,3.14099,10083212.6,-,-,1.14688,6224917.46,0.76283,877341.845,0.18256,2120686.47,0.20149,3226889.15,1.99411,3858295.17,944.27949,686762.973,935.96322,680443.282,-,-,-,-,-,-,8.31627,6319.6906,6219.6024,2241503.08,0.27372,11.5815,4.04815,906.5467,2051.31597,1966262.39,1715.08227,152296.814,2448.88229,122025.749,14144.418,372038.434,1604.28967,55346.0066,8.6357,394.2715,1595.65397,54951.7352,12540.1283,316692.427,8804.81648,266124.197,3735.31187,50568.2304,4464.7059,19150.4914,3982.66442,15900.4562,482.04148,3250.0352,0,0,7108.97776,295973.893,9685.66544,-,451.71,-,9233.95544,-,221848,-,3657596,-,25893.9364,25882370.7
Dec-2018,113.19551,14583003.7,110.51975,10133855.9,2.65139,1508517.05,0.02437,2940630.81,3.17538,10227320.4,-,-,1.21086,6321383.24,0.85982,1137750.16,0.16978,2165473.13,0.18126,3018159.95,1.96452,3905937.25,925.24141,668741.881,917.14274,662641.919,-,-,-,-,-,-,8.09867,6099.962,6201.03219,2226869.75,0.27347,16.4802,5.00472,1079.9932,1947.81205,1957040,1769.32019,146898.582,2478.62176,121834.695,14602.1261,421565.887,1592.17121,54643.1772,8.7523,403.2349,1583.41891,54239.9423,13009.9549,366922.71,9143.07302,313901.299,3866.88194,53021.4103,4417.65625,18921.8442,3929.94335,16368.1,487.7129,2553.7442,0,0,6614.27835,277632.886,10023.638,-,442.138,-,9581.5,-,220051,-,3595912,-,26262.4025,25205792.8
Nov-2018,109.65432,13003006.8,106.97992,9116291.88,2.65215,1192218.53,0.02225,2694496.38,2.5403,8996284.82,0.01951,269359,0.89362,5348944.76,0.58809,737819.345,0.15897,2260312.82,0.14656,2350812.6,1.62717,3377981.06,866.56476,622927.584,856.69506,615356.785,0,0,0,0,0,0,9.8697,7570.7992,5916.47566,2103496.63,0.32891,24.6991,4.72626,1213.8666,1942.13934,1824668,1499.40188,134756.74,2469.87927,142833.328,13626.0832,383808.783,1466.46407,51997.4039,8.00554,376.0886,1458.45853,51621.3153,12159.6192,331811.379,8402.33143,277900.173,3757.28777,53911.2057,3941.65466,18519.0365,3473.24984,16107.8237,468.40482,2411.2128,0,0,5759.9108,249251.581,10357.984,-,432.354,-,9925.63,-,220114,-,3510859,-,24462.9507,22433547.2
Oct-2018,118.63809,14215255.3,115.81093,9794407.73,2.80387,1391266.94,0.02329,3029580.66,3.22505,11501755.8,0.21689,3259757.15,0.88012,3957139.62,0.67167,770186.413,0.20845,3186953.2,-,-,2.12804,4284859.09,989.14212,702639.085,978.00206,694847.379,0,0,0,0,0,0,11.14006,7791.7066,6121.23879,2204440.42,0.37039,24.5904,6.63809,1602.9077,2090.39692,1922703,1546.22845,140306.536,2477.60494,139803.388,14242.1628,404186.844,1619.7307,56601.7315,9.08597,418.2309,1610.64473,56183.5006,12622.4321,347585.113,8696.35176,293398.889,3926.08041,54186.2237,4202.02021,22127.8255,3684.49362,18785.8811,517.52659,3341.9443,0,0,5596.22014,248084.86,10412.8455,-,426.752,-,9971.057,-,220154,-,3450355,-,25676.4038,26020824.7
Sep-2018,104.00289,13125797.3,101.39721,9180684.1,2.58423,1223050.02,0.02145,2722063.24,3.05286,9339477.02,0.1754,2589794.8,0.89942,3072867.07,0.72531,756009.431,0.17411,2316857.64,-,-,1.97804,3676815.15,880.55551,634624.195,872.78725,628978.553,0,0,0,0,0,0,7.76826,5645.6426,5524.58642,2032847.82,0.3784,30.5044,5.22407,1027.6358,1810.13952,1801550,1357.35432,125639.826,2351.49011,104599.854,13001.1701,361339.32,1390.30687,46478.5977,8.00216,371.8087,1382.30471,46106.789,11610.8633,314860.722,7986.4633,269059.722,3624.4,45801,3578.5563,17749.1853,3241.59126,15102.4135,336.96504,2646.7718,0,0,4896.65418,217646.385,10242.2493,-,417.758,-,9824.49131,-,221492,-,3393396,-,23091.9027,22789771.6
Aug-2018,110.11869,13823620.2,107.41007,9799352.96,2.68649,1122056.66,0.02213,2902210.64,2.97066,9174459.12,0.17988,2467691.85,0.78453,2951602.43,0.6081,728464.77,0.17643,2223137.66,-,-,2.00625,3755164.84,945.10255,670790.649,934.16647,663270.67,0,0,0,0,0,0,10.93608,7519.979,5872.00803,2107167.1,4.11372,972.8952,0.53202,28.6932,1931.99377,1871245,1335.78099,123733.511,2599.58753,111187,13077.3509,373320.205,1450.4082,48372.135,8.39033,386.2353,1442.01787,47985.8997,11626.9427,324948.07,8055.22146,275976.136,3571.7213,48971.9343,3733.89728,18994.484,3411.03697,15586.5174,322.86031,3407.9666,0,0,3927.94072,208568.847,10212.3838,-,410.41092,-,9801.97288,-,221083,-,3332484,-,23741.426,23266141.1
Jul-2018,109.69882,13862854.4,106.8722,9964634.96,2.80335,1236656.31,0.02327,2661563.17,3.0633,9522190.08,0.1981,2704028.05,0.81387,2982878.91,0.61508,665481.622,0.19879,2317397.29,-,-,2.05133,3835283.12,953.85636,683396.665,941.87,674996,0,0,0,0,0,0,11.98636,8400.6654,5649.38533,1962133.02,0.42183,27.671,5.68985,1389.6301,1806,1732140,1273.7662,117166.563,2563.50745,111409.162,12949.2152,364817.016,1458.10422,48134.8472,8.04212,372.3191,1450.0621,47762.5281,11491.111,316682.169,7817.58131,268375.966,3673.52976,48306.2027,3517.99537,17518.5508,3251.78811,15202.4086,266.20726,2316.1421,0,0,3560.82574,205982.498,10021.6601,-,401.66013,-,9620,-,221463,-,3268817,-,23183.1912,23751346.6
Jun-2018,114.32788,14254157.9,111.36885,10113388.9,2.93612,1306513.8,0.02291,2834255.11,3.0278,9261943.58,0.18211,2482884.2,0.79003,3063942.22,0.58834,667082.608,0.20169,2396859.62,-,-,2.05566,3715117.16,972.98669,719670.837,963.88094,709278.423,0,0,0,0,0,0,9.10575,10392.4142,5335.85577,2126195.68,1.2906,76.6242,3.977,1234.9426,1771.52938,1901708.13,1204.91171,113011.573,2354.14708,110164.412,12482.5833,362630.566,1367.25242,46632.7165,7.48395,352.8011,1359.76847,46279.9154,11115.3309,315997.85,7527.11129,268075,3588.21967,47922.8501,3329.52363,16345.6179,3096.18844,14631.8189,233.14805,1664.9631,0.18714,48.836,3229.73792,196604.941,9836.54747,-,393.80747,-,9442.74,-,221606,-,3311184,-,22238.2822,23906689
May-2018,114.94398,13235383.9,111.91924,9376533.92,3.00042,1195559.39,0.02432,2663290.65,3.28634,9421492.52,0.17758,2327832.35,0.7767,2927716.21,0.57263,604564.402,0.20407,2323151.81,-,-,2.33206,4165943.96,967.71102,722066.753,952.49533,710241.946,0,0,0,0,0,0,15.21569,11824.8074,5271.9533,1921468.77,0.76513,26.9302,4.98697,1029.193,1729.13792,1715196.38,1166.20508,108574.957,2370.8582,96641.3024,12392.0555,359193.95,1390.39268,47634.7851,7.48783,350.0192,1382.90485,47284.7658,11001.6628,311559.165,7480.41999,264750.741,3521.24283,46808.4236,3503.6142,15520.6587,3254.08096,14047.4401,249.34761,1456.5876,0.18563,16.631,2679.1289,178943.841,9625.6663,-,386.0463,-,9239.62,-,222285,-,3247096,-,22253.54,23011835.9
Apr-2018,106.60274,12075820.3,103.71486,8245743.65,2.86683,1158830.97,0.02105,2671245.68,3.17537,8811872.11,0.14882,2039115.55,0.98171,2727505.42,0.82698,882896.358,0.15473,1844609.07,-,-,2.04484,4045251.14,924.67111,727179.876,909.32869,715521.154,0,0,0,0,0,0,15.34242,11658.7221,5411.21856,1858984.08,0.47583,24.0986,6.49129,1233.8568,1673.5233,1632664.11,1095.50832,102240.285,2635.21982,122821.735,12257.5048,355430.792,1330.45787,45176.5883,7.27175,339.6149,1323.18612,44836.9735,10927.0469,310254.203,7589.38556,264797.072,3337.66143,45457.1313,3261.74888,13379.5522,2792.87891,11694.6541,468.7023,1662.918,0.16767,21.9802,2506.1905,134839.369,9441.39657,-,377.82876,-,9063.56781,-,220441,-,3193356,-,21964.9004,21171421
Mar-2018,126.85495,15877965,123.60962,11249868,3.22533,1384162,0.02,3243935,2.73836,8698500,0.16501,2261448,0.78393,2513115,0.6354,671621,0.14853,1841494,-,-,1.78942,3923937,1056.49426,783380.5271,1036.2,768216,0,0,0,0,0,0,20.29426,15164.5271,5398.547,2490183.5665,0.72395,27.1547,3.05685,905.4238,2120.1055,2254077.144,1101.538,103804.023,2173.1227,131369.821,12219.2095,352884.2946,1280.77981,44677.4008,7.85732,369.3419,1272.92249,44308.0589,10938.42969,308206.8938,7749.4383,266350.1809,3188.99139,41856.7129,2936.55707,11881.9006,2687.92101,10096.9759,248.37606,1729.4884,0.26,55.4363,2399.01614,141503.4605,8985.60955,-,374.84955,-,8610.76,-,222247,-,3083067,-,21740.38114,24970860.2888
Feb-2018,106.2894,11412356.6436,103.40014,8213479.7455,2.8685,963083.2769,0.02076,2235793.6213,2.82331,8501652.014,0.16029,2326418.55,0.73183,2745977.504,0.57157,627398.534,0.16026,2118578.97,-,-,1.93119,3429255.96,935.608,656854.0165,918.20933,645356.0941,0,0,0,0,0,0,17.39867,11497.9224,4755.1395,1667829.9186,0.94366,40.2005,4.86864,933.9493,1655.87412,1484390.441,992.45308,88270.3278,2101,94195,11157.26681,322505.1559,1154.42603,37981.3654,6.89402,321.6302,1147.53201,37659.7352,10002.84078,284523.7905,7182.76986,247487.1512,2820.07092,37036.6393,3453.66155,14958.5834,3100.12954,13103.5026,353.23201,1764.9491,0.3,90.1318,2232.48925,113660.4313,8923.80742,-,369.35373,-,8554.45369,-,221687,-,3079487,-,20410.76781,20340362.7108
Jan-2018,111.61079,13366522.0306,108.45595,9586637.0235,3.13281,1162202.8689,0.02203,2617682.1383,3.50479,10156041.28,0.19796,2988305.55,0.99055,3226523.5,0.8066,869666.38,0.18395,2356857.12,-,-,2.31628,3941212.23,990.58737,699949.1656,967.11463,679259.9419,0,0,0,0,0,0,23.47274,20689.2237,4893.4624,1708748.0761,1.16014,79.1485,4.97727,991.4536,1702.14005,1537406.699,995.58,88213.57,2189.60494,82057.205,11736.64434,337902.4069,1307.25181,41778.0449,7.45019,340.8923,1299.80162,41437.1526,10429.39253,296124.362,7415.64703,255021.6757,3013.7455,41102.6863,3612.00624,14771.2235,3262.97769,12562.7417,348.68199,2076.2772,0.34656,132.2046,2150.09305,111407.8344,8829.35734,-,362.3824,-,8466.97494,-,221620,-,3061817,-,21347.7939,23666252.0444
Dec-2017,108.95039,12809884.9663,105.80587,9055783.2528,3.12405,1034995.707,0.02047,2719106.0065,2.79681,8806266.91,0.1703,2365746.1,0.8509,3006797.11,0.6866,845370.44,0.1643,2161426.67,-,-,1.77561,3433723.7,964.3805,675249.5544,945.73705,656396.6999,0,0,0,0,0,0,18.64345,18852.8545,4699.55589,1746468.1163,1.27603,83.7217,5.14542,724.3174,1690.49753,1577920.198,980.05541,87106.1904,2022.5815,80633.6888,11788.02514,346996.9464,1244.82521,42197.7305,7.13363,334.0599,1237.69158,41863.6705,10543.19993,304799.2159,7619.31584,264038.9161,2923.88409,40760.2998,3198.47455,14334.4834,2883.70802,12567.5781,314.44116,1634.0297,0.32537,132.8756,2065.18029,105700.1784,8779.67393,-,354.96202,-,8424.71191,-,221832,-,3027382,-,20762.16281,21680094.9703
Nov-2017,108.27379,12357936.3136,105.0736,8755012.9041,3.17869,1086035.904,0.0215,2516887.5055,3.31192,10137715.7114,0.19253,2779458.6,1.0858,3537984.658,0.89077,1084019.268,0.19503,2453965.39,-,-,2.03359,3820272.4534,985.98898,677470.6361,962.97531,663393.9195,0,0,0,0,0,0,23.01367,14076.7166,4600.95923,1562079.8678,1.31249,82.5631,5.36508,1037.9436,1619.68321,1388399.8352,894.89486,78257.7231,2079.70359,94301.8027,11188.84416,325408.068,1165.8753,39616.6,6.8753,320.4,1159,39296.2,10022.96886,285791.468,7313.32595,249272.17,2709.64291,36519.298,2361.63954,13321.3963,1866.74003,9387.8441,494.5382,3770.539,0.36131,163.0132,1849.69711,106541.9411,8676.63959,-,347.75605,-,8328.88354,-,221350,-,2998733,-,19248.99612,22557044.4877
Oct-2017,100.01476,11580799.7143,97.09465,8208441.6066,2.89962,997167.9172,0.02049,2375190.1905,2.68883,8687355.685,0.16246,2298183.4,0.77634,2786313.025,0.61155,760453.165,0.16479,2025859.86,-,-,1.75003,3602859.26,964.09663,647885.9204,944.35013,634016.3149,0,0,0,0,0,0,19.7465,13869.6055,4446.16646,1559869.6063,1.20589,83.1514,5.00323,1072.1037,1587.80244,1385127.791,881.22215,75041.6125,1970.93275,98544.9477,11459.14351,336721.3945,1240.43614,42259.991,6.79823,321.0133,1233.63791,41938.9777,10218.70737,294461.4036,7418.67386,253321,2800.03351,41140.4036,2451.75128,11697.664,2012.28639,8659.5068,439.1133,2879.8835,0.35159,158.2737,1506.7541,91702.4964,8601.25173,-,338.70443,-,8262.5473,-,221314,-,2958301,-,19423.84098,20449139.794
Sep-2017,96.0802,12773070.2471,93.15293,9152164.5608,2.90748,1082648.2979,0.01979,2538257.3884,3.03085,9276381.629,0.16915,2377802,1.00073,3401348.739,0.82276,1109806.389,0.17797,2291542.35,-,-,1.86097,3497230.89,943.7445,642999.1812,921.55566,627152.6312,0,0,0,0,0,0,22.18884,15846.55,4277.15739,1562423.3391,1.37095,83.5933,4.77652,960.056,1576.70941,1418214.127,828.50481,71759.5872,1865.7957,71405.9757,11060.65448,316662.1735,1132.86775,37776.105,6.54546,310.6391,1126.32229,37465.466,9927.78673,278886.0684,7264.17206,241953.9903,2663.61467,36932.0781,2402.89529,10977.3309,1994.84685,8153.9621,407.6234,2618.7904,0.42504,204.5784,1138.93233,86219.8486,8531.06,-,333.42644,-,8197.62867,-,221722,-,2900038,-,18783.54292,22044256.5123
Aug-2017,94.58002,11382758.2757,91.578,7915780.9184,2.98152,1000558.3661,0.0205,2466418.9912,2.68383,8749900.885,0.16684,2278417.65,0.84305,3195978.245,0.67478,979575.255,0.16827,2216402.99,-,-,1.67394,3275504.99,948.07215,640359.4105,920.49,622434.1132,0,0,0,0,0,0,27.58215,17925.2973,4427.85586,1398808.5064,1.15543,82.9689,6.31622,1095.6019,1516.05601,1250037.8,756.6002,65149.4695,2147.728,82442.666,11020.18747,307564.4328,1159.85835,36603.3304,6.59263,304.5469,1153.26572,36298.7835,9860.32912,270961.1023,7184.09781,235295.7184,2676.23131,35665.3839,2611.40424,10287.6173,2254.34724,7262.354,356.72272,2853.3094,0.33428,171.9538,982.48733,80506.3871,8435.14303,-,326.45679,-,8108.68624,-,222568,-,2882422,-,19104.76307,20023260.1364
Jul-2017,93.82061,11056209.9904,90.66138,7767579.9795,3.13877,947345.9788,0.02046,2341284.032,2.96464,8666362.683,0.16712,2173645.8,1.14394,3404729.273,0.98261,1340046.963,0.16133,2064682.31,-,-,1.65358,3087987.61,953.51848,657252.3983,921.99,634249.9912,0,0,0,0,0,0,31.52848,23002.4071,4321.99962,1347166.5323,1.39542,92.9984,4.26591,1090.2332,1481.38696,1201159.884,690.71738,60476.1763,2144.23395,84347.2405,10765.45274,296421.7528,1113.75512,34214.5921,6.13206,284.8509,1107.62306,33929.7411,9651.69762,262207.1607,7039.13571,227076.1157,2612.56191,35131.045,2702.42209,9856.4666,2354.63227,6934.3888,347.37332,2707.2349,0.4165,214.8429,1035.3734,81161.4218,8361.08052,-,320.56929,-,8040.51123,-,222653,-,2840113,-,18840.15772,19691985.7915
Jun-2017,98.3005,11620057.3726,95.12055,8333094.8235,3.16244,948163.3835,0.01751,2338799.1656,3.04259,9091903.148,0.17108,2189227.55,1.22747,3691397.178,1.05577,1370991.888,0.1717,2320405.29,-,-,1.64404,3211278.42,954.66312,666943.3093,918.53,640994.8993,0,0,0,0,0,0,36.13312,25948.41,4267.50863,1411317.0378,1.33765,89.2804,6.42335,1048.6665,1523.41827,1269419.773,658.43283,59654.5244,2077.89653,81104.7935,10376.63182,299533.5582,1100.26442,35750.3122,5.54992,267.0872,1094.7145,35483.2251,9276.3674,263783.246,6678.06,225692.8,2598.3074,38090.446,2556.49919,8507.0689,2216.3026,5309.8238,339.74099,2986.97,0.4556,210.2751,1157.29,180764.8321,8290.19581,-,314.777,-,7975.41881,-,222926,-,2776949,-,18256.62834,20759462.3291
May-2017,104.34848,11331268.8966,100.85516,8071662.093,3.47481,945390.3605,0.01851,2314216.443,2.86315,8620268.951,0.16501,2176985.8,0.95475,3115092.251,0.79803,992666.291,0.15672,2122425.96,-,-,1.74339,3328190.9,1016.27968,709999.6182,970.75,674589.1658,0,0,0,0,0,0,45.52968,35410.4524,4273.5588,1376840.3387,1.6586,105.8493,6.23113,1036.2712,1558.203,1241081.11,667.16607,58559.1082,2040.3,76058,10411.94269,290571.151,1158.76892,36401.5865,5.464,260.9028,1153.30492,36140.6838,9253.17377,254169.5644,6554.7169,216391.7763,2698.45687,37777.7881,2780.83832,10669.3582,2417.19392,7194.0998,363.23648,3274.531,0.40792,200.7274,1142.57226,213420.2665,8212.13801,-,308.56236,-,7903.57565,-,222813,-,2692986,-,18589.81261,20025401.8707
Apr-2017,95.44674,11174369.9894,92.31352,7360369.5388,3.11728,1490849.0512,0.01594,2323151.3994,2.51268,8087853.364,0.14937,2115118.75,0.78761,2411121.834,0.65093,748264.654,0.13668,1662857.18,-,-,1.5757,3561612.78,999.71177,735149.0707,952.58128,699064.6757,0,0,0,0,0,0,47.13049,36084.395,4311.0089,1370062.8283,1.86096,120.9777,4.92601,968.3797,1431.69413,1215617.17,650.81132,56205.8601,2221.71648,97150.4408,10402.19445,288292.4188,1070.59782,33375.6276,4.81711,232.7239,1065.78071,33142.9036,9331.59663,254916.7912,6603.21091,216859.5757,2728.38572,38057.2156,3522.31169,10371.1167,3208.73859,7441.9872,313.18052,2744.5615,0.39258,184.5681,1062.74,161265.3918,8111.69519,-,303.74102,-,7807.95417,-,221959,-,2614584,-,19333.17029,19342947.3885
Mar-2017,125.40081,15409485.4775,121.44193,11182501.4104,3.93888,1155082.0671,0.02,3071902,2.9166,9441556.967,0.19451,2753696.8,0.85874,2931531.897,0.71137,852245.117,0.14737,2079286.78,-,-,1.86335,3756328.27,1279.84769,865493.7513,1192.05082,806276.9937,0,0,0,0,0,0,87.79687,59216.7577,4462.81161,1776989.2856,2.31868,154.826,9.19141,969.302,1867.03464,1629449.9515,674.12811,56468.3754,1910.13877,89946.8308,10893.80454,295264.4824,1080.99506,33619.6126,4.89248,229.1201,1076.10258,33390.4925,9812.80948,261644.8699,7101.08656,225945.7376,2711.72292,35699.1323,3420.92285,10677.079,3074.52489,7312.4936,345.83639,3087.7016,0.56157,276.8838,1136.50251,173088,8014.91407,-,298.42235,-,7716.49172,-,222475,-,2529141,-,20185.6841,24727565.043
Feb-2017,91.05801,9526674.5539,87.98563,6638230.6839,3.05622,783650.47,0.01616,2104793.4001,2.52928,7537792.014,0.16517,2026983.8,0.77602,2736125.534,0.65465,836696.674,0.12137,1899428.86,-,-,1.58809,2774682.68,1079.43768,640672.725,1004.40397,599394.5677,0,0,0,0,0,0,75.03371,41278.1573,3675.4027,1202305.4584,1.93256,130.7928,6.82469,803.6002,1482.05456,1087790.9229,597.47836,48221.2849,1587.11253,65358.8578,10396.67015,257576.7405,953.50347,28895.21,4.23716,190.98,949.26631,28704.23,9443.16668,228681.5305,6925.67162,192838.1305,2517.49506,35843.4,2800.15127,9628.0097,2469.49377,6910.6795,330.25439,2519.073,0.40311,198.2573,954.14809,127993.2584,7884.99883,-,290.78655,-,7594.21228,-,221302,-,2224977,-,18045.23293,17069856.1015
Jan-2017,93.32126,10060254.1344,89.81696,6886364.8331,3.48809,862242.3887,0.01621,2311646.9126,3.24538,8806884.063,0.18747,2118996.8,1.20064,3440820.713,1.05957,1342704.043,0.14107,2098116.67,-,-,1.85727,3247066.55,1311.67169,728122.6154,1184.54913,661843.8384,0,0,0,0,0,0,127.12256,66278.777,3943.91918,1245939.9381,1.99739,142.82,7.6201,1051.062,1641.87826,1135507.5026,624.21266,49124.9201,1668.21077,60113.6333,11542.13283,233510.0861,1132.42575,32862.2248,4.40618,153.9248,1128.025,32708.3,10409.70708,200647.8613,7123.47249,151643.6714,3286.23459,49004.1899,2957.95381,11000.7761,2616.72598,8353.0483,340.75687,2422.1283,0.47096,225.5995,1061.27679,138305.3709,8074.11395,-,288.45858,-,7785.65537,-,220402,-,2015847,-,19852.22794,18774064.7005
Dec-2016,88.42053,11098033.1366,84.69204,7270257,3.7117,1139390,0.01679,2688386.1366,3.10555,9594771,0.20386,2411295,1.31635,3825672,1.16426,1496626,0.15209,2329046,-,-,1.58534,3357804,1388.20028,728939.8927,1300.10028,681190.8927,0,0,0,0,0,0,88.1,47749,4283.05559,1268318.8844,2.53977,154.6982,9.10743,1284.4153,1663.06956,1153763.314,527.80015,43192.2279,2080.53868,69924.229,11623.86952,174202.5422,1164.58762,31237.21,3.75943,88.0911,1160.82819,31149.1189,10459.2819,142965.3322,6304.66234,84934.0865,4154.61956,58031.2457,2610.9017,9769.9255,2131.11713,7448.0068,479.32924,2089.4818,0.45533,232.4369,1106.37281,149818.2542,7927.52395,-,283.21039,-,7644.31356,-,219793,-,1767733,-,19997.53638,20185649.2448
Nov-2016,78.76327,10189448.6465,75.59283,6688017.3536,3.15386,1159901.6573,0.01658,2341529.6356,3.53203,9722502,0.17741,1763788,1.66582,4014188,1.515,2048742,0.15082,1965446,-,-,1.6888,3944526,934.99412,584513.4929,870.75686,541921.6098,0,0,0,0,0,0,64.23726,42591.8831,3213.6714,981740.5779,2.79784,137.9441,7.5691,789.4608,1230.4678,880788.48,361.69574,32480.529,1611.14092,67544.164,8961.36729,182324.6024,983.14444,26698.7031,4.02919,139.304,979.11525,26559.3991,7978.22285,155625.8993,5613.5572,123451.6228,2364.66565,32174.2764,1693.22512,5074.4112,1380.924,3305.9933,311.85229,1534.236,0.44883,234.1819,874.73088,136570.034,7789.80822,-,277.83026,-,7511.97796,-,219973,-,1590714,-,14885.53665,19324074.0952
Oct-2016,90.08208,9755433.6439,86.72064,6553385.5938,3.34656,1093943.7015,0.01488,2108104.3485,2.74126,8232256.3609,0.16738,1770704.95,1.24798,3088957.2209,1.12241,1450831.1309,0.12557,1638126.09,-,-,1.3259,3372594.19,880.25158,650165.7752,820.39,597413.8198,0,0,0,0,0,0,59.86158,52751.9554,3464.594,1063510.3782,8.16006,203.9241,9.55374,1655.369,1332.13109,950450.22,420.86311,34356.8743,1693.886,76843.9908,10321.37191,306964.8119,894.85806,30242.081,6.20905,299.6801,888.64901,29942.4008,9426.51385,276722.731,8020.64418,254781.4475,1405.86967,21941.2835,1269.04755,6021.8162,995.74126,3384.5367,272.89185,2434.4729,0.41444,202.8067,781.18883,113940.506,7756.2375,-,273.44842,-,7482.78909,-,219578,-,1512068,-,16028.0735,17906248.4378
Sep-2016,84.69028,11056406.0275,81.32607,7406912.5653,3.34924,1261821.9796,0.01497,2387671.4826,3.07641,9728080,0.18464,1844074,1.35083,3821422,1.2116,1591699,0.13923,2229723,-,-,1.54094,4062584,851.12968,624511.3594,789.36,573656.5128,0,0,0,0,0,0,61.76968,50854.8466,3150.32271,1077017.3875,8.17972,205.6361,8.46648,835.1123,1201.47454,988028.857,359.25916,28911.7691,1572.94281,59036.013,9458.56138,262391.3121,785.30855,24482.9624,6.02388,285.2508,779.28467,24197.7116,8673.25283,237908.3498,7421.34866,221976.2317,1251.90417,15932.1181,970.74452,5628.2393,753.04732,3191.8602,217.18782,2173.9896,0.50938,262.3895,726.27195,104259.9417,7550.52716,-,268.56758,-,7281.95958,-,218542,-,1480309,-,14518.51001,20366362.8434
Aug-2016,85.59024,9859155.5048,82.10146,6649595.0689,3.47308,1109237.2545,0.0157,2100323.1813,3.36141,9442759.538,0.19962,1958326.4,1.71098,4110459.318,1.55504,1963147.188,0.15594,2147312.13,-,-,1.45081,3373973.82,883.42581,646077.1666,816.22,592465.9709,0,0,0,0,0,0,67.20581,53611.1957,3075.61573,972658.8143,8.46593,253.8658,9.49066,965.2278,1185.5,876413,338.89619,26848.8573,1533.26295,68177.8635,9718.68686,264080.823,846.01242,26052.8286,6.4695,304.274,839.54292,25748.5546,8872.67444,238027.9944,7567.3844,219657.5018,1305.29004,18370.4926,962.82689,5646.0144,706.79876,3073.8278,255.62337,2368.7314,0.40476,203.4552,717.59269,103897.3304,7388.44727,-,263.7894,-,7124.65787,-,217303,-,1461972,-,14729.49124,19090054.6797
Jul-2016,82.56194,9601623.9797,79.21863,6471826.3861,3.32778,1020128.8589,0.01553,2109668.7347,3.48153,8980005.964,0.18805,1733233.2,1.87114,4087249.894,1.72945,2114508.614,0.14169,1972741.28,-,-,1.42234,3159522.87,858.88838,628507.4999,792.44,571659.2251,0,0,0,0,0,0,66.44838,56848.2748,3367.45517,904081.8153,8.86873,265.0565,5.96503,749.048,1134.80913,814538.7794,321.80234,25122.4525,1896.00994,63406.4789,9612.5048,260890.6487,800.47048,24633.6555,6.06314,292.2407,794.40734,24341.4148,8812.03432,236256.9932,7521.33454,219165.0698,1290.69978,17091.9235,778.51066,5340.4889,594.48369,2759.6619,183.47986,2309.4135,0.54711,271.4135,674.70316,80959.1237,7231.66249,-,259.43794,-,6972.22455,-,216030,-,1443899,-,14703.38695,18270781.6618
Jun-2016,88.30062,10610149.2985,84.61765,7202419.3935,3.66748,1181082.2907,0.01549,2226647.6143,3.05256,8727850.457,0.1925,1727228.8,1.10533,3120553.827,0.94861,1123883.897,0.15672,1996669.93,-,-,1.75473,3880067.83,864.2957,638778.4327,786.4,573449.5573,0,0,0,0,0,0,77.8957,65328.8754,3168.7566,962229.4725,9.92962,321.911,7.96462,964.3889,1189.0743,881530.71,296.76851,23716.5165,1665.01955,55695.9461,9272.72515,260189.1642,768.97923,24241.0773,5.90637,285.5647,763.07286,23955.5126,8503.74592,235948.087,7321.71388,220447.5456,1182.03204,15500.5414,769.80277,5347.1709,586.31548,2774.4304,182.94018,2301.327,0.54711,271.4135,631.70109,67347.535,7166.84426,-,255.42269,-,6911.42157,-,215192,-,1432727,-,14166.91791,18977896.3817
May-2016,87.11,9552609,83.4,6493973,3.7,1139285,0.01,1919351,2.85562,8198385,0.17696,1621758,0.96447,2790287,0.82043,905382,0.14404,1884905,-,-,1.71419,3786340,852.19643,649214.8383,772.43,578486.965,0,0,0,0,0,0,79.76643,70727.8733,3075.10471,853317.6,12.09919,504.4583,5.42211,911.17,1175.02585,773254.3447,276.61043,21617.7575,1605.94713,57029.8694,9505.93249,260980.7898,790.57403,25244.3547,5.81892,284.3582,784.75511,24959.9965,8715.35846,235736.4351,7375.69787,220221.6719,1339.66059,15514.7632,709.46566,4995.0141,503.05249,2434.5657,205.9853,2342.7586,0.42787,217.6899,617.32229,61813.3624,7051.58582,-,251.47902,-,6800.1068,-,214213,-,1418324,-,14232.65491,17600151.2422
Apr-2016,83.26513,8645934.162,79.7263,5551568.1347,3.52883,1289559.0272,0.01,1804807,2.64427,7204492.7545,0.14029,1222747.05,1.03468,2471640.7045,0.93171,1147680.097,0.10297,1323960.6075,-,-,1.4693,3510105,882.57126,710817.2066,789.47,625762.242,0,0,0,0,0,0,93.10126,85054.9646,3168.85389,916902.418,20.2961,1437.7236,13.84055,3430.1146,1118.44163,832451.6563,267.79888,21044.2963,1748.47673,58538.6271,9251.02481,263024.1931,734.19402,23010.9654,5.91865,286.3372,728.27537,22724.6282,8516.83079,240013.2278,7333.99002,225209.8447,1182.84077,14803.3831,692.99994,4672.1321,487.62326,2292.5805,204.94536,2168.2753,0.43132,211.2764,486.66571,52483.1881,6960.47106,-,248.59919,-,6711.87187,-,213073,-,1403438,-,14081.3493,15941035.8663
Mar-2016,98.6554,12278380.3077,94.77391,8466198.6827,3.867,1538337.4026,0.01449,2273844.2224,3.00277,7501173.705,0.17351,1447787.7,1.02711,2445709.555,0.89747,967139.965,0.12964,1478569.59,-,-,1.80215,3607676.45,980.47356,771688.9751,882.37,692849.8676,0,0,0,0,0,0,98.10356,78839.1075,3282.16238,1113632.8432,92.31315,6855.8222,35.08005,8769.8805,1292.3697,1022635.8656,259.78302,19873.0656,1602.61646,55498.2093,9174.23666,261019.9808,728.32925,22974.6155,6.12531,280.317,722.20394,22694.2985,8445.90741,238045.3653,7317.22405,224582.1747,1128.68336,13463.1906,720.52751,5715.8637,534.36641,2379.4842,185.5611,3019.3795,0.6,317,494.7688,57280.3968,6860.41237,-,245.05219,-,6615.36018,-,212061,-,1385668,-,14259.04379,19657767.453
Feb-2016,82.2503,8672771.7868,78.68921,5949606.2605,3.54688,1084583.6118,0.01421,1638581.9145,2.70715,6767394,0.17065,1282782,0.84756,2417971,0.70144,737078,0.14612,1680893,-,-,1.68894,3066641,877.91273,638665.3663,780.06891,560064.0919,0,0,0,0,0,0,97.84382,78601.2744,2985.00893,798559.1647,110.40531,8213.2536,16.09798,7129.6176,1101.71311,727860.2505,238.59253,16967.0429,1518.2,38389,8663.36932,247969.3189,676.33518,20908.3046,5.58815,269.9493,670.74703,20638.3553,7987.03414,227061.0143,6936.37516,214099.9753,1050.65898,12961.039,653.69233,4997.9607,490.1518,2251.3208,163.1,2530,0.44053,216.6398,446.51974,54000.1831,6825.05311,-,241.26523,-,6583.78788,-,210028,-,1363344,-,13264.92655,15491775.6829
Jan-2016,82.21493,8265967.9988,78.58938,5530739.8907,3.61106,1121030.5093,0.01449,1614197.5987,2.61544,6555348,0.16935,1310445,0.82416,2375043,0.70039,770202,0.12377,1604841,-,-,1.62193,2869860,874.87902,637698.3431,775.75,554626.0735,0,0,0,0,0,0,99.12902,83072.2696,2902.4978,786366.4786,133.58921,9900.7927,29.3837,7154.4889,1189.73169,708675.197,224.7932,16559,1325,44077,8877.29993,254237.9462,702.24396,21439.0409,5.47789,265.5663,696.76607,21173.4746,8175.05597,232798.9053,7076.29136,218188.1523,1098.76461,14610.7529,652.48441,4908.9908,487.35017,2213.5181,164.64928,2461.9312,0.48496,233.5415,427.99697,46521.0088,6771.454,-,237.82202,-,6533.63198,-,208232,-,1337310,-,13391.97704,14890330.1587
Dec-2015,80.26146,8903127.2797,76.68514,5871263.809,3.56221,1021140.1419,0.01411,2010723.3287,2.4701,6911462,0.19233,1556772,0.82727,2314793,0.70844,794688,0.11883,1520105,-,-,1.4505,3039897,937.46298,693557.0619,820.73,602650.6484,0,0,0,0,0,0,116.73298,90906.4135,2993.52212,887997.1361,315.66832,15305.589,20.94255,8968.5471,1196.1,819721,205.21125,15073,1255.6,28929,8860.20015,256513,699.00015,21469,5.30015,275,693.7,21194,8161.2,235044,7080,220461,1081.2,14583,686.70216,4433.626,536.97224,2063.4167,149.25938,2128.3457,0.47054,241.8637,394.91499,49029.1435,6659.36723,-,227.46723,-,6431.9,-,205328,-,1245447,-,13560.60486,15646366.7749
Nov-2015,76.02168,6804593.4159,72.59727,4528107.8364,3.41118,861495.14,0.01323,1414990.4394,2.03925,5434661,0.15929,1263552,0.55428,1762184,0.4532,506858,0.10108,1255326,-,-,1.32568,2408925,813.70954,617844.9571,708.13,498805.6733,0,0,0,0,0,0,105.57954,119039.2838,2576.23339,706605.6406,200.45822,15777.4974,20.8555,5631.1432,998.1778,637016,190.84187,13767,1165.9,34414,8409.83933,250956,665.33933,21027,4.93933,258,660.4,20769,7744.5,229929,6748.8,215114,995.7,14815,626.59297,4340.0513,498.31447,1930.606,127.84655,2180.4726,0.43195,228.9726,404.5,33471,6471.05006,-,224.75006,-,6246.3,-,203487,-,1270208,-,12504.42293,12404010.6253
Oct-2015,83.365,8076499,79.66091,5352048,3.69059,984509,0.0135,1739942,2.7,6777996,0.2,1393205,0.9,2494303,0.8,932571,0.1,1561732,-,-,1.6,2890488,947.8,703490,829.7,580675,0,0,0,0,0,0,118.1,122815,2689.94,770495.08,202.7,16021,40,9594,1146,690688,194.2,13704,1107.04,40488.08,8726.8686,256343.9485,694.3686,21907.9485,5.1686,269.9485,689.2,21638,8032.5,234436,7028.2,220524,1004.3,13912,618.23247,3806.7934,495.8132,1545.3041,121.98852,2049.9567,0.43075,211.5326,324.84266,30567.7166,6336.5871,-,228.80607,-,6107.78103,-,201810,-,1236933,-,13068.89257,14848688.8219
Sep-2015,77.6847,8673441.1362,74.1418,5839137.6613,3.52931,1039997.4969,0.01359,1794305.9781,2.58013,6612172.243,0.18088,1624475.7,0.79746,2140837.033,0.69593,795613.473,0.10153,1345223.56,-,-,1.60179,2846859.51,890.14821,647605.7107,778.83,550802.8044,0,0,0,0,0,0,111.31821,96802.9063,2459.15686,744199.5843,200.86466,15776.1245,37.60597,8558.4148,985.389,686020.632,177.19759,12070.8674,1058.09964,21773.5457,8081.31875,233071.0719,628.96177,19268.4147,4.76199,246.7705,624.19978,19021.6441,7452.35698,213802.6573,6552.18379,202124.013,900.17319,11678.6443,580.0953,4081.1786,489.41753,1795.9816,90.14484,2006.3865,0.53293,278.8106,271.05418,26960.2076,6257.97877,-,224.4696,-,6033.50917,-,199727,-,1212047,-,12090.97036,15120264.9467
Aug-2015,78.23565,8089565.7363,74.57016,5560225.9426,3.6516,877396.3927,0.01389,1651943.401,2.75688,6613345,0.182,1626703,0.84215,2058894,0.75124,808682,0.09091,1250212,-,-,1.73273,2927748,913.91022,654505.2546,788.48,553042.8239,0,0,0,0,0,0,125.43022,101462.4307,2472.43109,676290.7949,196.99849,15642.9583,34.63431,8379.3912,959.41677,615337.7218,166.45548,11906,1114.92604,25024.7235,8351.87521,241155.4072,659.95411,20157.2089,4.70955,244.3945,655.24456,19912.8144,7691.9211,220998.1983,6724.51148,207441.7526,967.40962,13556.4457,529.48234,3874.3982,428.35014,1334.9404,100.7429,2346.3728,0.3893,193.085,251.47885,21792.8778,6208.41322,-,223.32767,-,5985.08555,-,199322,-,1191311,-,12348.6775,14626793.1903
Jul-2015,82.51384,8687000,78.7,5971000,3.8,918000,0.01384,1798000,2.60922,6984728,0.2006,1755023,0.92155,2310484,0.80923,853105,0.11232,1457379,-,-,1.48707,2919221,969.406,709826.3278,838.88,596682.6997,0,0,0,0,0,0,130.526,113143.6281,2459.72319,692888.0876,201.38153,15746.1706,36.97771,10444.4923,1031.1,628937,155.98608,11217.1972,1034.27787,26543.2275,8153.84963,241640.2814,652.43833,19847.9814,4.56733,238.4914,647.871,19609.49,7501.4113,221792.3,6551.716,207785.1,949.6953,14007.2,645.33643,3792.3086,536.01063,1428.9478,108.9056,2164.0917,0.4202,199.2691,249.63416,23570.9386,6088.03907,-,220.00749,-,5868.03158,-,197199,-,1165325,-,12313.42447,15521875.0054
Jun-2015,82.61367,9313000,78.8,6428000,3.8,990000,0.01367,1895000,2.78318,7644645,0.20329,1813603,1.00605,2566306,0.88187,972464,0.12418,1593842,-,-,1.57384,3264736,902.97524,669374.6279,793.49,583320.6249,0,0,0,0,0,0,109.48524,86054.003,2284.87877,690662.0873,199.78442,15646.3469,30.33658,8653.4786,912.2,632458,138.15865,10324,1004.39912,23580.2618,7687.38811,226652.1934,626.37274,17453.0082,4.39308,230.2726,621.97966,17222.7356,7061.01537,209199.1852,6194.69342,197670.4141,866.32195,11528.7712,554.26342,3230.6471,473.1003,1268.4729,80.61583,1695.7238,0.54729,266.4504,218.16094,22117.2661,5973.98369,-,216.41454,-,5757.56915,-,194601,-,1137920,-,11514.88872,16652564.5557
May-2015,80.61307,7495000,76.9,5106000,3.7,899000,0.01307,1490000,2.6279,6369328,0.17654,1300270,0.89335,2115873,0.79256,857216,0.10079,1258657,-,-,1.55801,2953185,911.32864,676761.6108,778.35,573944.1411,0,0,0,0,0,0,132.97864,102817.4697,2195.73542,614427.3291,196.5,15055,39.5,9851,881.3,553603,133.24315,10675.3291,945.19227,25243,7861.94197,240497.2721,605.98617,19098.8937,4.65309,233.2732,601.33308,18865.6205,7255.9558,221398.3784,6366.26458,209073.0624,889.69122,12325.316,469.14643,2819.9545,399.45748,1176.2271,69.25344,1430.7964,0.43551,212.9309,213.55799,19918.052,5922.90108,-,214.80389,-,5708.09719,-,192742,-,1132120,-,11521.38036,13908834.1665
Apr-2015,78.98858,8295817,75.417,5487654,3.55961,1032329,0.01197,1775834,2.32299,6564789,0.17317,1458910,0.73121,1975422,0.64056,732924,0.09065,1242498,-,-,1.41861,3130457,943.6928,765060.88,809.0928,641451,0,0,0,0,0,0,134.6,123609.88,2113.98535,658689.6455,196.8806,15209.7,48.594,12809.5,835.298,604358,123.66275,10089.1,909.55,16223.3455,7538.54697,229708.8697,577.39749,18150.8365,4.3085,228.7551,573.08899,17922.0814,6961.14948,211558.0333,6157.60289,200072.6424,803.54659,11485.3909,743.61793,2756.5493,670.54539,1195.9359,72.63857,1363.8948,0.43397,196.7186,197.48342,18861.7827,5859.24158,-,212.87902,-,5646.36256,-,190813,-,1125952,-,11421.14265,14740987.9446
Mar-2015,96.71127,10671208,92.6,7564995,4.1,1177154,0.01127,1929059,2.66207,7378035.4345,0.19649,1844469.7,0.76652,2107725.0745,0.67027,747618.0745,0.09625,1360107,-,-,1.69906,3425840.66,1027.96436,802710.9696,885.42639,666652.4205,0,0,0,0,0,0,142.53797,136058.5491,2420.70917,771851.4072,202.7308,15517.0389,85.682,15125.978,1060.014,717301.94,120.19719,9414.6952,952.08518,14491.7551,7576.55081,227709.4978,573.4422,18133.1943,4.37278,234.3983,569.06942,17898.796,7003.10861,209576.3035,6242.05135,198747.9838,761.05726,10828.3197,541.04713,2979.6031,461.05262,1081.8508,79.43054,1623.9264,0.56397,273.8258,196.68815,16884.6219,5745.62206,-,211.10653,-,5534.51553,-,189279,-,1126735,-,11665.63354,17925435.9122
Feb-2015,76.88832,7091056.2426,73.39033,4851693,3.48763,889717.7172,0.01036,1349645.5253,2.25296,5854005,0.17357,1419098,0.74373,2052510,0.65191,683966,0.09182,1368544,-,-,1.33748,2382397,936.57557,680813.3474,766.47279,544754.7983,0,0,0,0,0,0,170.10278,136058.5491,2089.83442,551303.0286,191.06866,14981.3887,83.42817,15934.25,811.852,504641.39,100.78559,7590,902.74241,8155.5863,6882.07039,190620.6359,499.15966,15650.2534,3.67535,195.6779,495.48431,15454.5755,6382.91073,174970.3825,5703.89206,166806.4607,679.01867,8163.9218,303.12295,2441.5557,240.84741,876.2493,61.88236,1364.061,0.39318,201.2453,185.25166,14887.7593,5588.8943,-,208.57696,-,5380.31734,-,185813,-,1095356,-,10290.70852,13020594.0119
Jan-2015,78.91005,7663509.1323,75.19033,5135636,3.70875,1029166,0.01097,1498707.1323,3.0107,7006775,0.1891,1585021,1.15113,2615148,1.05196,1107910,0.09917,1507238,-,-,1.66964,2806606,974.08226,713500.9308,805.12057,574114.0066,0,0,0,0,0,0,168.96169,139386.9242,1925.53805,553262.731,194.87138,14882.5572,96.46433,16550.1487,802.24999,508473.4151,93.25235,6972.61,738.74,6383.8,7336.2296,221330.4833,565.82337,17567.2603,4.1059,214.42,561.71747,17352.8403,6770.40623,203763.223,6025.75841,192467.994,744.64782,11295.229,334.92338,2364.5765,276.2179,892.1741,58.24464,1258.9142,0.46084,213.4883,180.73046,12917.3728,5454.00091,-,206.12165,-,5247.87926,-,183995,-,1104557,-,10652.65969,14662035.1451
Dec-2014,81.9,8444960,78.09751,5766928.092,3.76149,1107473,0.01082,1570579,2.98055,7094342,0.19282,1617139,1.2707,2606100,1.17335,1230147,0.09735,1375953,-,-,1.51703,2871103,1095.72432,748828.834,843.99643,599773.6083,0,0,0,0,0,0,251.72789,149055.2257,1356.73013,604441.0788,193.52526,14743.9652,101.0065,18350.942,834.85916,557336.3716,83.80921,6036,143.53,7973.8,7212.1,228517,565.3,17438,4.4,251,560.9,17187,6646.8,211079,5910.6,199978,736.2,11101,289.8,2267,231.9,828,57.4,1201,0.5,238,167.83505,11323.2915,5204.4,-,203.6,-,5000.8,-,182687,-,1058642,-,10039.194,15552797.0047
Nov-2014,73.57372,6714163.9535,70.24698,4666199.7268,3.31751,810147.2433,0.00923,1237816.9834,2.36076,5725038,0.15701,1271201,0.96914,2096181,0.8901,940738,0.07904,1155443,-,-,1.23461,2357656,946.51311,669645.0668,779.61762,537452.0079,0,0,0,0,0,0,166.89549,132193.0589,1111.96649,510672.3912,186.1754,14098.7567,85.44949,15452.6057,691.23465,461675.0288,70.90695,5259,78.1782,14186.9487,6843.8,208679,486.6,15182,3.9,232,482.7,14950,6357.2,193497,5656.2,183138,701,10359,263.79108,1898.0142,213.8,697,49.49108,968.0142,0.5,233,152.76042,9771.0033,4861.2,-,201.4,-,4659.8,-,180488,-,1124222,-,9242.00581,12592279.4281
Oct-2014,72.07799,6982526.562,68.73901,4770096.662,3.32951,912791.9405,0.00947,1299637.96,2.24909,5330440.879,0.14359,1089257.1,0.84332,1893036.809,0.76427,767378.979,0.07905,1125657.83,-,-,1.26218,2348146.97,959.51286,684365.4522,796.29997,562636.2632,0.0121,5.692016,0,0,0.0121,5.692016,163.20079,121723.497,1171.9898,524393.4345,193.84291,14154.38609,100.02609,15160.47295,732.93967,478149.5754,65.08113,4899,80.1,12030,7313.24581,221571.0182,549.25273,17313.71268,3.49484,193.321101,545.75789,17120.39158,6763.99308,204257.3055,6027.04711,192300.9679,736.94597,11956.3376,310.8,1817,213.9,701,96.5,921,0.4,195,148.55051,9034.854643,4639.81924,-,199.54598,-,4440.27326,-,178564,-,1111576,-,9829.86608,12445476.39
Sep-2014,77.1974,8811120.426,73.44288,6064001.236,3.74421,1088921.277,0.01031,1658197.913,2.6505,6726221,0.18827,1587852,0.83186,2273103,0.71911,702021,0.11275,1571082,-,-,1.63037,2865266,1037.72582,750549.3814,856.25038,609158.7048,2.23531,2841.80262,0.5063,981.065066,1.72901,1860.737554,179.24013,138548.874,1383.36189,586893.3907,184.46221,14009.40014,110.54237,21158.16159,880,539336,57.96001,4295,150.3973,8094.828964,7070.62591,210564.6152,505.02809,15366.62051,3.37183,184.298519,501.65626,15182.32199,6565.59782,195197.9947,5916.60275,185464.9271,648.99507,9733.06762,228.42242,1758.146992,187.69296,673.678722,40.17317,810.923425,0.55629,273.544845,131.72456,8268.423096,4509.27868,-,198.84463,-,4310.43405,-,176829,-,1097199,-,9799.97363,15428909.05
Aug-2014,69.68793,6932709.29,66.21046,4654569.088,3.46801,902457.4732,0.00946,1375682.729,2.12332,5381098,0.16576,1339760,0.61369,1595432,0.53168,527434,0.08201,1067998,-,-,1.34387,2445906,978.41132,695943.9651,794.15421,552241.2767,7.9306,7359.161863,1.48961,1293.877009,6.44099,6065.284854,176.32651,136343.5266,1105.48653,505557.281,201.09816,19660.86808,85.53463,18165.58848,669.78025,452039.8244,47.97349,3520,101.1,12171,7058,208238,508.5,15251,3.2,173,505.3,15078,6549.5,192987,5873.3,182518,676.2,10469,200.03466,1415.120788,165.81683,575.639389,33.81234,653.60861,0.40549,185.872789,122.3879,4857.654118,4437.3,-,197.8,-,4239.5,-,174136,-,1083061,-,9413.7343,12349278.93
Jul-2014,75.47009,7256883.434651,71.70093,4837616.318362,3.75893,900270.53748,0.01023,1518996.578809,2.5728,6430313.457,0.19327,1458750,0.89059,2080550.557,0.79431,803178.887,0.09628,1277371.67,-,-,1.48894,2891012.9,1051.80866,752859.496821,846.92265,594973.753724,20.9009,16662.493643,6.10134,5882.507271,14.79956,10779.986372,183.98511,141223.249454,1113.72115,499500.492432,182.86648,13468.350371,80.40831,14779.31991,716.73336,457783.411673,42.60701,3019,91.10599,10450.410478,6988.40584,210770.622227,512.40307,15380.46862,3.1983,171.848002,509.20477,15208.620618,6476.00277,195390.153607,5829.63261,185486.974019,646.37016,9903.179589,187.09978,1288.644196,155.23657,552.069177,31.45901,545.988413,0.4042,190.586607,115.4,4422,4335.33317,-,196.14232,-,4139.19085,-,171955,-,1095901,-,9419.06809,13632619.568518
Jun-2014,74.74505,8026423.69515,70.99671,5409201.541032,3.73821,1215095.622594,0.01013,1402126.531524,2.72469,6856704.787,0.17526,1365755.2,1.10412,2452318.727,1.00444,1047957.587,0.09968,1404361.14,-,-,1.44531,3038630.86,958.40336,726607.893378,756.37999,548767.30433,39.7341,35264.832239,14.63327,12858.046276,25.10083,22406.785963,162.3,142576,1052.52021,488901.054957,172.12842,13083.190573,100.9608,15576.699041,678.57492,450952.321744,37.06309,2610.056,63.79298,6678.787599,6639.41248,203585.647566,485.689,15027.124972,3.06826,166.55655,482.62074,14860.568422,6153.72348,188558.522594,5558.0958,179285.082254,595.62768,9273.44034,165.84616,1103.700656,137.11511,466.210242,28.22357,401.168976,0.50748,236.321439,107.28715,3985.322553,4285.10992,-,194.7655,-,4090.34442,-,169505,-,1088708,-,8893.64182,14901200.247183
May-2014,77.97967,7209203.83602,74.09089,4731239.006643,3.87825,1106924.223746,0.01053,1371040.605631,2.67302,6174006,0.16006,1149540,1.02426,2327502,0.94183,995737,0.08243,1331765,-,-,1.4887,2696964,999.17396,511024.914101,782.56961,317457.408805,62.38964,47676.06236,23.00721,17750.435647,39.38243,29925.626713,154.2,145891,1070.37464,475198.70202,178.77513,13077.343841,115.16561,17033.217976,691.067,430737.86,32.96212,2416,52.40478,11934.280203,6748.99989,212170,475.49989,15213,3.09989,167,472.4,15046,6273.5,196957,5681.3,187375,592.2,9582,162.48582,1018.821128,135.71417,436.974984,26.39125,411.230495,0.3804,170.615649,108.9,3882,4211.11237,-,193.91237,-,4017.2,-,166730,-,1081466,-,9061.67647,13211581.667638
Apr-2014,72.67927,7129524.111555,69.183,4652898.11095,3.48731,1158043.159278,0.00896,1318582.841326,2.00141,5243062,0.13721,1036753,0.66433,1792069,0.58625,602075,0.07808,1189994,-,-,1.19987,2414240,999.18452,806563.424417,735.42945,569011.065309,91.12256,75229.69374,29.27109,22685.290587,61.85147,52544.403153,172.6,162323,1072.17993,464576.242095,178.57611,12301.117714,108.82126,18626.172452,706.151,421955.87,31.14716,2156,47.4844,9537.08193,6570.42472,197770.926215,467.41745,14739.887034,2.99585,163.352556,464.4216,14576.534479,6103.00727,183031.039181,5540.34275,174346.255774,562.66452,8684.783406,157.25985,990,130.7,403,26.1,375,0.45985,212,101.7,3296,4188.78492,-,192.26475,-,3996.52017,-,164503,-,1076289,-,8873.72074,12523903.862955
Mar-2014,86.36556,9924504.309415,82.1519,6521262.816052,4.20314,1656121.348352,0.01052,1747120.145012,1.95148,5357635.8375,0.15699,1456171.25,0.48753,1010322.4975,0.45463,436566.5475,0.0329,573755.95,-,-,1.30696,2891142.09,1105.04799,875074.562917,729.69827,601268.723413,108.18653,81800.495604,38.38653,31442.495604,69.8,50358,267.16319,192005.3439,1223.64533,572881.338301,177.42245,12634.438032,106.08209,21478.657645,828.31069,531222.777,29.98331,2050.025717,81.84679,5495.439907,6748.80957,202901.858704,464.01963,14714.900207,2.96548,166.169569,461.05415,14548.730638,6284.78994,188186.958496,5714.97661,179609.893256,569.81333,8577.065241,165.71989,979.992661,140.7,399,24.5,325,0.51989,255.99266,107.39917,3391.12407,4136.03305,-,191.81567,-,3944.21738,-,160055,-,1065984,-,9331.5293,15186857.754485
Feb-2014,66.50534,6494305.887386,63.14176,4225935.775355,3.36049,1060855.112031,0.00922,1207515,1.79114,4252490,0.13564,1165344,0.60323,1065013,0.57198,561083,0.03125,503930,-,-,1.05227,2022133,938.92905,690105.610678,652.78637,470440.027645,122.68913,87818.742038,37.58913,27553.742038,85.1,60265,163.45355,131846.840996,1137.65985,400615.894389,156.13119,11278.667837,110.05653,17596.246899,641.54201,365604.7,22.27142,1455.601294,207.6587,4680.678359,5914.88592,177846.5964,410.63222,12833.0794,2.54956,140.0094,408.08266,12693.07,5504.2537,165013.517,5015.266,157578.5,488.9877,7435.017,141.1,758,119.9,325,20.8,270,0.4,163,88.6,2636,4056.3464,-,190.5221,-,3865.8243,-,150008,-,1035623,-,8200.86821,10808606.988854
Jan-2014,71.25116,7697820.815939,67.41602,4889945.638373,3.82448,1302237.449931,0.01066,1505637.727636,2.30966,5387741,0.16,1445991,0.89427,1453969,0.85427,843578,0.04,610391,-,-,1.25539,2487781,1041.45282,767084.577981,667.63618,499188.917217,205.79766,137122.958311,56.19766,38682.958311,149.6,98440,168.01898,130772.702454,1125.88335,421810.612629,165.52126,11340.749996,109.1401,17029.829615,659.11714,387153.54,20.30898,1320.279122,171.79587,4966.213895,6380.73491,195042.170803,458.52754,14312.607085,2.74156,150.573689,455.78598,14162.033395,5922.20737,180729.563719,5383.87754,172231.804548,538.32983,8497.759171,134.60249,729.326792,112.7,278,21.47751,257.082946,0.42498,194.243846,95.19166,2625.289469,3993.06161,-,189.7416,-,3803.32001,-,145858,-,1034161,-,8756.22373,12964590.776509
Dec-2013,70.18756,7817506.066473,66.48922,5050273.492735,3.68874,1334764.587288,0.0096,1432467.98645,1.74905,4781900,0.15415,1393555,0.44147,944367,0.40664,428745,0.03483,515622,-,-,1.15343,2443978,1071.19961,858428.6709,588.0844,439891.303058,306.82427,278944.791261,99.52427,66156.791261,207.3,212788,176.29094,139592.576581,1001.41667,430883.558137,161.50771,10856.010431,102.08447,24294.892101,603.5814,392928.42,19.34004,1170.154219,114.90305,1634.081386,6285.57645,191754.104636,459.10624,13657.392398,2.73653,150.819161,456.36971,13506.573237,5826.47021,178096.712238,5303.51893,169902.374624,522.95128,8194.337613,107.8419212,715.651178,85.78723,247.521578,21.6040812,253.774378,0.45061,214.355223,88.9,2261,3911.92915,-,186.86136,-,3725.06779,-,141516,-,1025733,-,8537.9616612,12648720.064875
Nov-2013,63.77184,6500150.645939,60.25988,4146006.682475,3.50506,1104518.99703,0.0069,1249624.966434,1.78151,4311668,0.13909,1249180,0.54231,1039504,0.50539,499569,0.03692,539935,-,-,1.10011,2022984,970.10806,715158.780707,498.1543,359661.524005,319.87188,238804.419116,88.27188,84660.419116,231.6,154144,152.08188,116692.837586,914.80523,362698.141405,174.08547,10504.278005,103.15665,17062.165077,526.51429,333264.02,13.7744,881.598818,97.27442,986.079505,6039.43912,187444.094669,420.7424,12788.68145,2.35633,133.714251,418.38607,12654.967199,5618.69672,174655.413219,5102.46036,166264.843662,516.23636,8390.569558,96.4968004,620.442261,74.58982,192.568435,21.5362204,257.215923,0.37076,170.657904,81.3,1957,4002.11356,-,187.47076,-,3814.6428,-,137080,-,975772,-,8086.3956604,10828115.138549
Oct-2013,69.53309,7194540.081662,65.5197,4705788.380146,4.00443,1176618.715571,0.00896,1312132.985945,2.08896,4908434,0.14285,1382101,0.67728,1279281,0.63519,627706,0.04209,651575,-,-,1.26883,2247052,1127.25216,809824.224498,512.61573,375468.504906,428.62974,279909.904062,203.52974,137878.904062,225.1,142031,186.00669,154445.81553,997.28937,422654.494357,158.50152,10057.07629,182.58918,24104.169925,569.12269,386014.79,12.23796,731.837396,74.83802,1746.620746,6385.41037,196703.002618,453.75181,13639.116862,2.4742,144.345162,451.27761,13494.7717,5931.65856,183063.885756,5386.49053,174343.37103,545.16803,8720.514726,103.59762,689.334579,81.35775,211.773359,21.74275,242.948436,0.49712,234.612784,77.9,1954,3927.70648,-,185.78309,-,3741.92339,-,133313,-,963491,-,8685.16261,12220712.151769
Sep-2013,62.57367,7727131.555,58.55141,4913013.824,4.01291,1370508.463,0.00935,1443609.268,2.03598,5103970,0.15059,1668333,0.59478,1196383,0.55768,579258,0.0371,617125,-,-,1.29061,2239254,984.51661,698696.1173,409.79908,303651.1789,411.82019,269977.494,224.52019,148437.494,187.3,121540,162.89734,125067.4444,883.68305,376145.9449,161.26966,10713.02009,153.47925,21015.69324,512.46032,343435.9543,10.15087,552.75,46.3,429,5890.47606,174230.676,420.41541,12056.12737,2.29116,132.767581,418.12425,11923.35979,5470.06065,162174.5486,4938.58796,154667.0467,531.47269,7507.501936,108.04673,636.279822,87.37334,232.63642,20.3,220,0.37339,183.643402,71.6,1566,3863.69897,-,185.74936,-,3677.94961,-,130290,-,995941,-,7931.3,12637201
Aug-2013,62.06913,6755735.238741,58.11258,4265224.318909,3.94765,1243112.254736,0.0089,1247398.665096,1.86962,4926043,0.15864,1734095,0.44617,989636,0.41021,424780,0.03596,564856,-,-,1.26481,2202312,1064.80793,748140.986541,388.86211,288243.337828,460.60988,293246.380019,254.70988,160936.380019,205.9,132310,215.33594,166651.268693,853.41372,349689.599728,154.15071,9920.953189,189.07901,23877.72207,476.1667,315034.245221,7.86115,470.52,26.15615,386.159248,5955.22898,177414.19352,433.91518,12342.967607,2.39695,139.378258,431.51823,12203.589349,5521.3138,165071.225912,4969.32651,157061.566045,551.98729,8009.659867,108.92093,606.667936,86.76755,235.903121,21.8,209,0.35338,161.764815,67.62969,1412.775591,3807.80919,-,184.43838,-,3623.37081,-,126950,-,981193,-,8046.30141,11710231.021369
Jul-2013,65.80527,8077486.234383,61.54587,4821620.603735,4.24984,1420666.009983,0.00956,1835199.620665,2.3393,5825071,0.17508,1976477,0.73881,1388562,0.69722,718259,0.04159,670303,-,-,1.42541,2460032,1106.03246,795936.003326,403.35359,298218.773796,503.61191,330013.196167,281.71191,183910.196167,221.9,146103,199.06696,167704.033364,847.76391,383515.037941,158.7519,10188.678424,150.49067,27480.272979,504.18406,344438.616411,6.5,380,27.83728,1027.470127,5837.39867,178263.562705,444.27342,12677.071651,2.34708,136.058606,441.92634,12541.013045,5393.12525,165586.491054,4871.4856,157871.575496,521.63965,7714.915557,100.9,629.288531,79.4,220,21,208,0.5,201.288531,70.3,1284,3742.00039,-,187.82298,-,3554.17741,-,124072,-,967740,-,7960.23005,13425701.506222
Jun-2013,61.44291,7675553.634867,57.37755,4792952.486367,4.05682,1445390.438179,0.00854,1437210.710322,2.35436,5382077,0.14317,1538959,0.80901,1516688,0.76678,903288,0.04223,613400,-,-,1.40218,2326430,1036.25287,732945.79556,343.10049,261211.079844,475.45013,328832.866098,271.05013,192045.866098,204.4,136787,217.70225,142901.849618,725.76315,356651.351434,153.57994,10271.65847,125.16039,20763.222159,431.9065,325306.956624,4.71157,230.35,10.40475,79.164181,5528.04065,175891.285886,370.18287,11501.679309,2.14911,126.590225,368.03376,11375.089084,5157.85778,164389.606578,4681.44788,157314.071965,476.4099,7075.534612,90.37625,544.299996,70.1,189,19.9,190,0.37625,165.299996,66.3,1148,3676.44113,-,191.32467,-,3485.11646,-,121847,-,947825,-,7444.22165,12886452.657422
May-2013,66.94405,7167893.184174,62.56224,4493161.914011,4.37285,1379148.767574,0.00896,1295582.502589,3.04326,6445715,0.12372,1217645,1.53985,2676278,1.4729,1912565,0.04949,763713,-,-,1.39715,2551792,1036.34013,782091.5361,361.502,278328.113604,508.42076,363133.5927,283.92076,209095.59266,224.5,154038,166.41737,140629.829842,705.5965,354467.2,152.50219,9547.234354,94.18664,15356.988813,450.55749,329351.699839,3.75829,194.143637,4.59184,17.171153,5658.58482,181741.874395,405.1003,12597.201515,2.28909,133.37944,402.81121,12463.822076,5253.48452,169144.67288,4778.55168,161436.627544,474.93284,7708.045335,91.9,617.33118,70.1,198,21.3,213,0.5,206.33118,68.7,1194,3618.35794,-,195.89918,-,3422.45876,-,118867,-,929929,-,7562.39975,13636943.661
Apr-2013,64.63974,7464176.647546,60.39055,4536217.363994,4.24219,1569894.635433,0.007,1358064.648119,2.23844,5474218,0.12372,1298341,0.90972,1624821,0.87041,1021301,0.03931,603520,-,-,1.205,2551056,1091.176,858117.045738,358.2342,293567.474031,548.7851,404675.84215,315.5851,243882.84215,233.2,160793,184.1567,159873.729558,666.30502,353615.508741,155.67269,9483.548981,99.93665,19159.035059,406.59106,324795.989338,2.74428,143.92,1.36034,33.015363,5566.73177,176724.630891,379.68114,12550.998181,2.28604,132.749503,377.3951,12418.248678,5187.05063,164173.63271,4734.18167,156553.80582,452.86896,7619.82689,86.80184,577.931298,66.3,176,20,190,0.50184,211.931298,63.2677,989.008221,3564.20556,-,195.53677,-,3368.66879,-,116378,-,913867,-,7477.88581,12969365.116095
Mar-2013,72.95192,9068393.829,68.32069,6003757.374,4.62327,1737197.901,0.00796,1327438.555,2.06,4779381,0.13,1107641,0.63,1183304,0.6,653237,0.03,530067,-,-,1.3,2488436,1187.51228,982454.9896,314.30189,253949.7238,664.66858,536719.1787,386.17338,295709.2252,278.4952,241009.9536,208.54181,191786.0871,739.23463,386867.5336,153.86563,9522.205379,111.47316,17054.5887,470.89584,360165.7395,3,125,-,-,5632.23516,173598.8929,358.42252,11271.02713,2.2577,149.285105,356.16482,11121.74203,5273.81264,162327.8657,4820.04645,155640.5611,453.76619,6687.304678,103.5371672,561.396737,65.99441,174.697616,37.1349872,209.978211,0.40777,176.72091,64,992,3507.51017,-,195.54297,-,3311.9672,-,114014,-,854290,-,7737.5,14063819
Feb-2013,58.22096,6389047.648,54.60592,4071671.991,3.60804,1216598.802,0.007,1100776.855,1.93691,4163911,0.12728,990650,0.70144,1289652,0.66549,724947,0.03595,564705,-,-,1.10819,1883609,1113.45395,761589.4072,261.03513,200126.7054,669.51153,402029.5475,343.77633,243561.2406,325.7352,158468.3069,182.90729,159433.1543,622.06177,278500.9466,149.90149,9273.126463,87.02583,13106.04011,382.93445,256034.78,2.2,87,-,-,5016.075172,155400.2823,331.2148123,10221.02056,1.99523,117.414875,329.2195823,10103.60569,4684.86036,145179.2617,4278.00442,139066.6723,406.85594,6112.589406,73.29987,472.726526,54.05269,147.482293,18.92122,187.737067,0.32596,137.507166,54.4,807,3448.86905,-,192.35148,-,3256.51757,-,109629,-,828115,-,6885,10648145
Jan-2013,62.85445,7045474.377,58.8083,4371366,4.03862,1428839,0.00753,1245269.377,2.58463,4981124,0.14252,1139176,1.06495,1574623,1.0315,1095005,0.03345,479618,-,-,1.37716,2267325,1082.5263,820781.3548,253.59835,196074.8155,649.87454,457316.2349,401.00091,289826.3549,248.87363,167489.8799,179.05341,167390.3045,598.3,303271,139.9,13220,73.3,8500,383.6,281488,1.5,63,-,-,5318.37033,169004.8316,372.16857,11514.84472,2.11402,122.813655,370.05455,11392.03107,4946.20176,157489.9869,4513.09699,149474.525,433.10477,8015.461898,66.82868,491,46.6,131,19.8,193,0.42868,167,55.54327,624.85426,3393.88607,-,190.38319,-,3203.50288,-,107875,-,812874,-,7131.5,12074877
Dec-2012,60.33234,6872992.75,56.49279,4412022.949,3.83321,1315767.474,0.00634,1145202.327,1.78572,3970359,0.1325,995670,0.47783,830866,0.44647,463812,0.03136,367054,-,-,1.17539,2143823,1078.16317,791486.7189,250.27467,191313.0876,647.10808,447508.7167,401.5585,285279.5058,245.54958,162229.2109,180.78042,152664.9146,575.39272,288724.2248,149.98111,9010.447782,68.93509,12906.297,355.4,266768,1.07652,39.48,-,-,5280.00648,164290.1618,363.19754,11256.1031,2.15268,123.9131,361.04486,11132.19,4916.80894,153034.0587,4485.5121,146124.6926,431.29684,6909.366047,71.8,818,41.7,152,29.6,458,0.5,208,52.2,598,3333.0234,-,188.65537,-,3144.36803,-,105784,-,799702,-,7067.5,10943469
Nov-2012,55.50378,5611559.358,51.87798,3571731.853,3.61953,1105724.958,0.00627,934102.5468,1.5907,3572563,0.11512,846694,0.39401,818474,0.35849,342552,0.03552,475922,-,-,1.08157,1907395,1031.83505,766074.5847,223.38,172205.27,633.0668,436940.1701,388.06984,276056.2018,244.99696,160883.9682,175.38825,156929.1446,576.08248,253982.0223,149.82062,9139.291641,88.66243,14661.36,337.098,230155.37,0.50143,26.0007,-,-,5086.294042,163640.031,342.0197824,11212.49484,2.05079,121.041634,339.9689924,11091.45321,4744.27426,152427.5362,4275.33189,145207.4267,468.94237,7220.109511,61.84041,823.090312,31.27235,96.152931,30.13938,524.79365,0.42868,202.143731,47.2,539,3281.45207,-,186.67689,-,3094.77518,-,103968,-,784642,-,6813.1,9434540
Oct-2012,58.34118,9227640.006,54.56508,4192526,3.76857,1253353,0.00753,3781761.006,1.92785,4263886,0.12971,1046892,0.56102,1034664,0.52394,511253,0.03708,523411,-,-,1.23712,2182330,1191.12672,890821.2855,245.46384,186326.1911,759.25009,497642.5939,444.43637,304380.7072,314.81372,193261.8868,186.41279,206852.5005,640.35732,278609.4943,150.70846,8851.234535,140.71845,16316.86687,348.437,253420.4875,0.49341,20.9054,-,-,5184.5752,159407.7498,358.44941,10992.56771,2.61213,128.224814,355.83728,10864.3429,4826.12579,148415.1821,4429.49609,141635.8037,396.6297,6779.378396,57.00896,721.956535,26.77029,64.719205,29.84119,483.756348,0.39748,173.480982,44.37205,497.6473,3253.66418,-,185.33052,-,3068.33366,-,102542,-,764674,-,7133.3,11039325
Sep-2012,50.987,9090044.931,47.46863,4535591.421,3.51118,1264109.708,0.00719,3290343.802,1.81134,4194364,0.13242,1155538,0.6095,975478,0.57447,549823,0.03503,425655,-,-,1.06942,2063348,1007.41034,743445.4567,211.39987,165508.6239,629.56906,445467.0277,389.49078,274140.6329,240.07828,171326.3948,166.44141,132469.8051,586.60947,251811.5379,143.65541,8547.984116,147.30884,13637.36426,295.04419,229608.2823,0.60103,17.9073,-,-,4874.77172,145820.1981,306.26262,9501.929789,1.98862,135.391745,304.274,9366.538043,4568.5091,136318.2683,4201.41864,130674.6124,367.09046,5643.655862,51.2,727.810984,22.34703,49.34045,28.40242,491.604629,0.43342,186.865906,38.97614,410.451901,3208.6143,-,183.79623,-,3024.81807,-,101646,-,741859,-,6572.8,11135870
Aug-2012,51.26682,8336091.106,47.85783,4046832.341,3.40156,1189821.996,0.00743,3099436.769,1.68434,4093752,0.13304,1102640,0.50594,888929,0.4679,448944,0.03804,439985,-,-,1.04536,2102183,1074.42229,782593.9133,206.88707,164673.383,691.60293,476942.687,434.76293,314770.607,256.84,162172.08,175.93229,140977.8433,579.06556,237694.3634,146.95901,8329.429039,136.36248,17967.28935,293.71866,211383.1318,2.02541,14.5132,-,-,4953.92513,148605.4343,327.33961,9706.101807,2.09236,121.748795,325.24725,9584.353011,4626.58552,138899.3325,4246.58556,133012.8806,380,5886.451879,40.70717,635.899802,10.7736,22.128221,29.60682,464.134372,0.32675,149.637209,39.7,355,3168.09707,-,182.37281,-,2985.72426,-,100620,-,709478,-,6701.1,10499936
Jul-2012,54.76131,8829804.475,51.07327,4190325.276,3.68022,1283202.252,0.00782,3356276.946,1.91026,4160945,0.13325,992893,0.5619,943677,0.52565,510403,0.03625,433274,-,-,1.21511,2224375,1131.77788,827699.7647,214.09231,170507.9508,734.26163,507653.8605,458.82832,329808.1276,275.43,177845.73,183.42394,149537.9534,573.29178,239988.9768,146.97088,8349.627768,133.41581,20727.51653,292.54732,210899.7379,0.35777,12.0946,-,-,5039.2277,151547.7191,335.77295,9994.249542,2.0525,119.689663,333.72045,9874.559879,4703.45475,141553.4695,4334.49531,135766.3838,368.95944,5787.085712,37.44257,651.59139,6.76915,14.65635,30.27525,473.407549,0.39817,163.527491,37,338,3122.30691,-,181.52748,-,2940.77943,-,100047,-,694126,-,6838.4,10854361
Jun-2012,55.03532,11637356.7292,51.23763,4992298.4865,3.78958,1466057.8463,0.00811,5179000.3963,1.89736,4296019,0.13283,997439,0.66453,1059435,0.627,590285,0.03753,469150,-,-,1.1,2239145,1062.7375,990594.8515,188.03402,157086.8133,692.38598,498556.3567,432.17598,320194.9767,260.21,178361.38,182.3,334952,514.66942,231053.2804,144.28566,8141.9092,98.14253,15688.5663,272.03077,207212.03,0.21046,10.7749,-,-,4998.73967,145100.4047,297.08109,9115.0209,1.94256,88.0696,295.13853,9026.9514,4701.65858,135985.3838,4371.101,130912.4598,330.55758,5072.924,32.60761,651.7318,4.64643,10.3361,27.497,446.5033,0.46418,194.8924,34.4,307,3086.91571,-,180.13578,-,2906.77993,-,99218,-,682958,-,6665.67877,12121775.6012
May-2012,55.6378,10654339.9089,51.70807,3521900.3063,3.92126,1518870.6129,0.00847,5613568.9897,1.85612,4096220,0.13884,881549,0.46182,765995,0.42779,372713,0.03403,393282,-,-,1.25546,2448676,1123.62182,820062.4059,197.72697,162620.5777,764.55303,520597.0023,455.99303,335567.2123,308.56,185029.79,161.3,136845,477.95681,218946.9101,145.49221,8011.6097,59.99841,11449.5379,272.2608,199476.9279,0.20539,8.8345,-,-,5227.27116,147324.3395,303.61972,9420.8474,1.95616,113.527,301.66356,9307.3204,4923.65144,137903.4921,4602.63881,132792.557,321.01263,5110.9351,37.1,791,6.60608,9.424,30.05167,599.9376,0.43633,181.91,33.46743,286.5454,3042.17051,-,179.00756,-,2863.16295,-,98074,-,671834,-,6923.43524,10324115.5747
Apr-2012,49.29231,9872259.9298,45.84741,3389759.7923,3.43789,1604776.075,0.00701,4877724.0625,1.51562,3587325,0.11639,791257,0.39467,629701,0.36821,329059,0.02646,300642,-,-,1.00456,2166367,1049.97525,839209.7098,184.22606,157559.1814,697.25509,523023.465,431.82509,335302.495,265.43,187720.97,168.5,158627,457.67097,218663.7035,143.77842,7913.4124,76.43301,15112.7189,237.31064,195629.8437,0.1489,7.7286,-,-,5133.30584,143325.2306,296.75142,10220.5574,1.91696,101.8743,294.83446,10118.6831,4836.55442,133104.6732,4526.14082,128033.0654,310.4136,5071.6078,36,576,9.454,129,26.29544,429.4644,0.29902,18.1694,31.78405,234.5678,2996.68568,-,177.72203,-,2818.96365,-,96742,-,667963,-,6727.75298,9783635.5113
Mar-2012,63.4,14053423,59.1,4966994,4.3,1750413,0.01,7336017,1.5,3581421,0.1,949556,0.3,508723,0.3,229346,0.03,279377,-,-,1.1,2123142,1295.3,1001321,217.8,188260,846.4,627375,528.4,409505,318,217870,231.1,185686,506.5,261637,147.9,7747,87.3,13492,271.1,240389,0.2,9,-,-,5306.5,145328,289.5,8958,2,121,287.4,8837,5017,136370,4710.3,131717,306.7,4653,36.2,849,-,-,-,-,-,-,31.2,233,2959.4,-,176.5,-,2782.8,-,95686,-,660920,-,7209.4,11707963
Feb-2012,50.2,10740224,46.8,3200965,3.4,1110070,0.01,6429190,1.6,3305794,0.1,761801,0.4,621892,0.4,341994,0.03,279898,-,-,1,1922101,1054.4,760298,186.4,147505,689.9,483609,438.2,316488,251.7,167120,178.1,129185,458.1,195532,139.5,7541,102.2,11483,216.3,176503,0.1,6,-,-,4870.9,133678,267.7,8304,2,108,265.7,8197,4603.2,125373,4322.5,120984,280.7,4389,29.9,525,-,-,-,-,-,-,28,196,2912.2,-,175.7,-,2736.5,-,90524,-,646228,-,6465.1,8706862
Jan-2012,50,11158173,46.4,3185659,3.5,1402632,0.01,6569883,1.8,3473273,0.1,698979,0.6,751999,0.6,529194,0.02,222805,-,-,1.1,2022295,1110.9,790640,173,136492,755.8,503897,483.8,361000,272,142896,182.1,150251,410.7,196539,141.8,7249,62.5,18715,206.3,170570,0.1,5,-,-,4947.3,136098,300,8977,1.9,109,298.1,8868,4647.3,127121,4340.5,122119,306.7,5002,31.9,608,-,-,-,-,-,-,28.4,191,2857.4,-,177.4,-,2680,-,88838,-,635653,-,6552.6,9185448
Dec-2011,51,11322314,47.3,3773743,3.7,1418290,0.01,6130281,1.9,3417573,0.1,688828,0.6,724212,0.6,465586,0.02,258626,-,-,1.2,2004533,1070.8,818795,164.6,141897,716.9,524163,477.5,368750,239.4,155412,189.3,152735,419.7,183092,142.7,7342,70.8,15401,206.1,160345,0.1,4,-,-,5019,137652,283.3,8533,1.8,111,281.5,8422,4735.7,129119,4441.6,124237,294.1,4882,30.8,636,-,-,-,-,-,-,26.7,198,2814.7,-,176.7,-,2638,-,87355,-,618756,-,6593.2,9749781
Nov-2011,47,8688137,43.7,2920579,3.3,950418,0.01,4817141,1.6,3266435,0.1,789736,0.3,555792,0.3,237619,0.02,318173,-,-,1.2,1920907,1090.5,788574,147.3,117653,757.4,527054,482.2,336039,275.2,191015,185.8,143867,400.1,153520,136.7,7058,75.5,10243,187.8,136215,0.1,4,-,-,4706.6,126735,265.9,8025,1.8,105,264.1,7920,4440.7,118710,4170,114381,270.6,4329,5.8,295,-,-,-,-,-,-,23.2,174,2774.7,-,176.4,-,2598.3,-,85728,-,607157,-,6251.5,8206554
Oct-2011,44.6,7276633,41.4,2848739,3.2,1039750,0.01,3388145,1.4,3199158,0.1,957934,0.2,507559,0.2,204016,0.02,303543,-,-,1.1,1733665,1134,853093,134,110710,821.5,574239,530.6,371746,290.9,202493,178.5,168144,505.5,166203,140.9,7046,172,17121,192.5,142033,0.1,3,-,-,5091.9,138106,288.3,9105,1.9,108,286.4,8998,4803.7,129001,4498.7,123410,305,5591,22.2,522,-,-,-,-,-,-,22.5,161,2731.8,-,176.2,-,2555.6,-,84309,-,596463,-,6799.6,8245570
Sep-2011,43.4,8172296,40.2,3431900,3.2,1252000,0.01,3488396,1.7,3606427,0.1,1082850,0.3,603986,0.3,270500,0.02,333486,-,-,1.3,1919591,1112.8,764999,128.9,105280,798.6,523942,522.7,372257,275.9,151685,185.3,135777,435.9,156179,133.1,6615,127.1,13010,175.6,136551,0.1,3,-,-,4614.9,121152,257.6,7794,1.8,100,255.9,7694,4357.2,113358,4096.7,109257,260.5,4101,23.8,555,-,-,-,-,-,-,20.6,146,2696,-,176.2,-,2519.7,-,82989,-,586674,-,6232.4,9333211
Aug-2011,41.3,6701601,38.2,2868728,3.1,975918,0.01,2856956,1.6,3509522,0.1,939134,0.4,692388,0.4,337403,0.03,354985,-,-,1.1,1878000,1116.7,743830,126,101546,806.4,506015,527.3,351929,279.1,154086,184.3,136269,464.4,151490,137,6767,154,22153,173.3,122568,0.1,2,-,-,4700.9,125022,278.7,8188,1.8,109,276.9,8079,4422.3,116834,4144.7,112274,277.5,4561,6.8,214,-,-,-,-,-,-,19.8,136,2690.6,-,175.8,-,2514.8,-,81634,-,587383,-,6331.7,8374724
Jul-2011,41.3,6965342,38.1,2926783,3.2,1129606,0.01,2908952,1.4,3167926,0.1,1066156,0.3,565404,0.3,271702,0.02,293702,-,-,1,1536366,1162.4,902937,135.2,118686,823.1,565297,534.3,366131,288.8,199166,204.1,218954,408.1,150956,126.4,6530,115.3,16070,166.3,128354,0,2,-,-,4670.3,124545,257.8,7568,1.7,97,256.1,7472,4412.5,116976,4146.5,112744,266,4233,29.8,498,-,-,-,-,-,-,17.5,120,2609.9,-,176.5,-,2433.4,-,80117,-,617853,-,6313.2,8403251
Jun-2011,42.5,9265363,39.2,3454781,3.3,1314224,0.01,4496358,1.5,3711489,0.1,1074134,0.4,734135,0.4,301242,0.03,432893,-,-,1,1903220,1052.2,765494,127,106488,732.8,500131,474.2,340125,258.6,160005,192.4,158875,397.1,155295,133.6,6684,104.1,16615,159.4,131995,0,2,-,-,4399.8,120925,243.6,7287,1.7,96,241.8,7191,4156.3,113638,3917.4,109854,238.9,3784,25.9,495,-,-,-,-,-,-,14.1,98,2571.8,-,176.6,-,2395.2,-,78386,-,610156,-,5919.2,9522703
May-2011,42.8,7697265,39.4,3070945,3.3,1119140,0.01,3507180,1.3,3311332,0.1,1023117,0.2,565816,0.2,168386,0.03,397430,-,-,1,1722399,1121.3,844554,130.8,112648,814.1,590450,537.4,415284,276.7,175167,176.4,141456,360,134704,135.4,6515,66.9,13655,157.7,114532,0,1,-,-,4533.7,124814,255.2,7981,1.8,100,253.4,7881,4278.5,116833,4034.7,112631,243.9,4201,32.1,515,-,-,-,-,-,-,12.8,91,2526.4,-,176.6,-,2349.8,-,76836,-,601024,-,6091.2,8606005
Apr-2011,33,5938287,30.4,2874634,2.5,943838,0.01,2119816,1,3056768,0.1,1123203,0.1,420173,0.1,131216,0.02,288957,-,-,0.8,1513392,1097.5,866680,129.3,123209,786,583154,513.4,413245,272.6,169909,182.2,160317,358.3,152413,132.4,6290,77.3,15827,148.6,130294,0,1,-,-,4454.1,117023,234,7152,1.7,96,232.3,7055,4220.1,109871,3995.5,106165,224.6,3706,30.8,489,-,-,-,-,-,-,10.8,76,2480.3,-,177.8,-,2302.6,-,75645,-,595958,-,5974.8,8011844
Mar-2011,48,10865872,44.3,4486953,3.6,1504640,0.09,4874279.32,1.4,3482778,0.1,1123216,0.3,596728,0.3,203244,0.02,393484,-,-,1,1762834,1308,1017400,-,-,1072,831900,760,624000,313,207900,235,185600,370.5,165754,138.6,5863,68.4,9510,163.6,150381,-,-,-,-,447.8,10324,234.1,6967,-,-,234.1,6967,213.73,3356.98,-,-,213.73,3356.98,-,-,-,-,-,-,-,-,-,-,2458.8,-,180.39,-,2278.4,-,-,-,-,-,994.2,8485681
Feb-2011,38.1,7763501,35.2,2832225,2.9,975863,0.08,3955412.43,1.2,2807373,0.1,930417,0.2,444041,0.2,154623,0.02,289418,-,-,0.9,1432915,1081,797800,-,-,901,643000,637,476400,264,166600,180,154900,370.1,106727,132,4972,103.7,11167,134.3,90588,-,-,-,-,421.9,9517,216.5,6213,-,-,216.5,6213,205.46,3304.43,-,-,205.46,3304.43,-,-,-,-,-,-,-,-,-,-,2405,-,181.33,-,2223.7,-,-,-,-,-,934.9,5816269
Jan-2011,38.3,8667668,35.3,2860861,3,962993,0.09,4843813.93,1.3,3065744,0.1,1120387,0.2,438469,0.2,149941,0.02,288528,-,-,1,1506888,1105,811400,-,-,922,647600,657,478800,265,168800,183,163800,330,109140,133.1,6106,67.3,9146,129.6,93888,-,-,-,-,463.2,10647,240.8,6935,-,-,240.8,6935,222.32,3712.67,-,-,222.32,3712.67,-,-,-,-,-,-,-,-,-,-,2363.5,-,181.36,-,2182.1,-,-,-,-,-,937.6,6348199
Dec-2010,39,11105132,36,3450012,3,1152562,0.09,6502557.49,1.4,3145059,0.1,1094591,0.2,490712,0.2,165897,0.03,324815,-,-,1,1559756,1194,874700,-,-,1002,728100,704,545300,298,182900,193,146600,346.7,121648,134.6,6222,77.5,21707,134.6,93720,-,-,-,-,448.8,10452,234.9,6846,-,-,234.9,6846,213.91,3605.89,-,-,213.91,3605.89,-,-,-,-,-,-,-,-,-,-,2341.4,-,181.02,-,2160.4,-,-,-,-,-,949.2,6760374
Nov-2010,40.1,9511157,37.2,3006350,2.9,1134153,0.08,5370654.64,1.3,3134866,0.1,791067,0.2,406737,0.2,167619,0.02,239118,-,-,1,1937062,1104,809600,-,-,922,654000,648,478000,274,175900,182,155600,340.6,100939,131.8,6090,91.3,17488,117.5,77361,-,-,-,-,439.2,10644,230.4,6922,-,-,230.4,6922,208.8,3722.47,-,-,208.8,3722.47,-,-,-,-,-,-,-,-,-,-,2300.7,-,181.88,-,2118.8,-,-,-,-,-,920.9,6049815
Oct-2010,47.1,8284252,44.1,3102982,3,1157513,0.09,4023756.67,1.5,3588620,0.1,1095768,0.3,590876,0.3,229363,0.03,361513,-,-,1.1,1901976,1244,907800,-,-,1050,763900,732,575300,318,188600,195,143900,416.1,111990,132.8,8935,167.1,25352,116.3,77704,-,-,-,-,444,10475,229.1,6760,-,-,229.1,6760,214.92,3714.37,-,-,214.92,3714.37,-,-,-,-,-,-,-,-,-,-,2263.6,-,182.17,-,2081.4,-,-,-,-,-,1015.4,7093764
Sep-2010,41,6560843,38.3,3070013,2.8,1043680,0.08,2447150.08,1.4,3350208,0.1,1224126,0.3,615375,0.3,250498,0.02,364877,-,-,0.9,1510707,1085,775900,-,-,907,625600,638,467200,269,158400,178,150200,332.9,79737,126.7,5960,107.9,12790,98.4,60987,-,-,-,-,401.2,8833,210.9,5848,-,-,210.9,5848,190.37,2985.23,-,-,190.37,2985.23,-,-,-,-,-,-,-,-,-,-,2222.6,-,184.26,-,2038.3,-,-,-,-,-,868.4,6925037
Aug-2010,42,5039022,39,2556679,2.9,902025,0.08,1580317.35,1.4,3417253,0.1,1129515,0.3,671063,0.3,282295,0.02,388768,-,-,0.9,1616675,1175,811600,-,-,973,663800,684,497100,290,166700,202,147800,358.4,82374,126.4,5791,133.9,14942,98,61642,-,-,-,-,431.6,9581,226.1,6259,-,-,226.1,6259,205.52,3321.09,-,-,205.52,3321.09,-,-,-,-,-,-,-,-,-,-,2189.4,-,188.54,-,2000.9,-,-,-,-,-,932.1,6713309
Jul-2010,41.6,6716066,38.6,2664682,2.9,972518,0.09,3078865.7,1.3,2745114,0.1,756653,0.3,544214,0.3,231917,0.02,312297,-,-,0.9,1444247,1187,810300,-,-,997,673800,701,502000,296,171800,191,136500,346.6,96747,129.6,5903,122.4,23792,94.6,67052,-,-,-,-,407.4,8720,219,5817,-,-,219,5817,188.37,2903.02,-,-,188.37,2903.02,-,-,-,-,-,-,-,-,-,-,2146.3,-,189.27,-,1957,-,-,-,-,-,897.4,6038060
Jun-2010,40.9,6840564,38,2872284,2.9,861090,0.09,3107190.09,1.6,3036438,0.1,808928,0.4,594628,0.4,348132,0.02,246496,-,-,1.1,1632882,1104,835900,-,-,915,692600,650,525000,265,167700,190,143300,301.6,71550,128.2,6191,89.2,12912,84.2,52447,-,-,-,-,370.2,8136,202,5539,-,-,202,5539,168.23,2597.49,-,-,168.23,2597.49,-,-,-,-,-,-,-,-,-,-,2108.5,-,189.44,-,1919.1,-,-,-,-,-,806.2,6471633
May-2010,39.3,5677874,36.5,2480707,2.8,794852,0.08,2402314.7,1.5,3306828,0.1,1014579,0.5,840730,0.5,418093,0.02,422637,-,-,1,1451519,1111,821800,-,-,920,672700,649,500300,271,172400,191,149000,269.4,71669,126.2,5741,65.7,10061,77.4,55867,-,-,-,-,388.5,8894,209.5,5936,-,-,209.5,5936,179.03,2958.7,-,-,179.03,2958.7,-,-,-,-,-,-,-,-,-,-,2072.7,-,190.24,-,1882.5,-,-,-,-,-,790.3,6327652
Apr-2010,37.4,7071982,34.7,2802542,2.7,839052,0.07,3430387.25,1.3,3309852,0.1,1170497,0.3,736663,0.3,269331,0.02,467332,-,-,0.9,1402692,1175,860000,-,-,971,704100,682,526400,289,177700,204,155900,280.9,76205,127.4,5874,78.7,12819,74.8,57512,-,-,-,-,358.2,7982,198.3,5474,-,-,198.3,5474,159.97,2508.32,-,-,159.97,2508.32,-,-,-,-,-,-,-,-,-,-,2040.8,-,192.88,-,1847.9,-,-,-,-,-,776.1,6223728
Mar-2010,43.7,7667703,40.58,3728731.22,3.07,1087920.1,0.008,2851052.01,1.2,3459282,0.1,1440135,0.2,625365,0.2,165761,0.02,459604,-,-,0.8,1393782,1340.5,1156734,-,-,1118.8,872399,789.8,656722,329,215677,221.7,284335,298.3,59615,144.7,6296,70.9,9422,82.8,43897,-,-,-,-,362.6,8139,206.5,5712,-,-,206.5,5712,156.18,2427.12,-,-,156.18,2427.12,-,-,-,-,-,-,-,-,-,-,2003,-,183.31,-,1819.7,-,-,-,-,-,2046.3,9500422
Feb-2010,33.6,6900932,31.1,2209498,2.46,675175.29,0.006,4016258.25,1.1,3293594,0.1,1400191,0.2,617455,0.2,181384,0.02,436071,-,-,0.8,1275948,1076.4,777185,-,-,903.3,627413,635.9,470122,267.3,157290,173.1,149773,254.2,51307,111.9,5624,78.1,9052,64.2,36631,-,-,-,-,327.9,7134,181.2,4923,-,-,181.2,4923,146.78,2211.16,-,-,146.78,2211.16,-,-,-,-,-,-,-,-,-,-,1981.4,-,201.63,-,1779.8,-,-,-,-,-,1693.2,7013894
Jan-2010,32.6,7334901,30.06,2391646.42,2.49,762906.61,0.006,4180347.7,1.2,3066807,0.1,1264283,0.3,598406,0.3,234273,0.02,364133,-,-,0.8,1204118,1124.7,800047,-,-,937.6,657045,660.5,481834,277.1,175211,187.1,143002,252.8,52077,125.7,5896,65.1,7734,62,38447,-,-,-,-,360.9,7917,202.6,5426,-,-,202.6,5426,158.25,2491,-,-,158.25,2491,-,-,-,-,-,-,-,-,-,-,1945.7,-,204.39,-,1741.3,-,-,-,-,-,1772.1,7081400
Dec-2009,32.8,7668126,30.27,2698071.73,2.48,776396.36,0.007,4193658.24,1.2,3283595,0.1,1383447,0.3,757997,0.3,245506,0.02,512490,-,-,0.8,1142152,1177.3,833489,-,-,976.5,678376,687.7,509716,288.8,168660,200.8,155114,247.9,49188,126.5,6035,58.3,7386,63.1,35767,-,-,-,-,359.2,7940,204.8,5507,-,-,204.8,5507,154.39,2433.8,-,-,154.39,2433.8,-,-,-,-,-,-,-,-,-,-,1912.2,-,206.45,-,1705.7,-,-,-,-,-,1818.3,7648681
Nov-2009,29.4,7780524,27.03,2122556.52,2.36,672712.97,0.007,4985254.61,1.3,3116088,0.1,1262123,0.4,818414,0.3,300252,0.02,518162,-,-,0.8,1035551,1092.1,743478,-,-,903.3,603578,643.5,455117,259.8,148461,188.8,139900,253.9,41278,122.2,5816,75.9,7311,55.8,28152,-,-,-,-,335.5,7520,194.2,5263,-,-,194.2,5263,141.32,2256.87,-,-,141.32,2256.87,-,-,-,-,-,-,-,-,-,-,1866.7,-,208.41,-,1658.3,-,-,-,-,-,1712.1,6703634
Oct-2009,29.3,8449696,26.79,2611319.99,2.46,762282.04,0.007,5076094.28,1.1,3175255,0.1,1341206,0.3,775228,0.3,236008,0.02,539220,-,-,0.8,1058822,1250.5,916009,-,-,1044.5,763886,730.2,588533,314.3,175353,206,152123,324.8,59690,131,5051,134.3,10984,59.5,43655,-,-,-,-,348.9,8233,204.7,5661,-,-,204.7,5661,144.22,2572.28,-,-,144.22,2572.28,-,-,-,-,-,-,-,-,-,-,1839.3,-,211.18,-,1628.1,-,-,-,-,-,1954.6,7532790
Sep-2009,24.3,9258142,22.18,2639052.07,2.16,839448.23,0.008,5779641.34,1.1,3437766,0.1,1434930,0.3,925608,0.3,282082,0.03,643526,-,-,0.7,1077227,1091.7,822904,-,-,914.3,686110,634.1,527336,280.3,158774,177.4,136794,279.8,47072,116.1,6070,114.2,11420,49.5,29582,-,-,-,-,328.1,7019,191.3,4905,-,-,191.3,4905,136.86,2113.96,-,-,136.86,2113.96,-,-,-,-,-,-,-,-,-,-,1803.3,-,213.08,-,1590.2,-,-,-,-,-,1725.1,7793262
Aug-2009,23.2,9248113,21.13,2451621.3,2.1,744363.88,0.008,6052128.2,1,3121307,0.1,1370384,0.2,729778,0.2,170489,0.02,559289,-,-,0.7,1021145,1115.2,811856,-,-,927.7,686447,671.3,545346,256.4,141101,187.5,125409,288.8,50153,117.6,5714,119,15038,52.2,29401,-,-,-,-,344.6,7192,196.7,4858,-,-,196.7,4858,147.94,2333.46,-,-,147.94,2333.46,-,-,-,-,-,-,-,-,-,-,1770.5,-,219.49,-,1551,-,-,-,-,-,1772.9,7186493
Jul-2009,23.5,9966069,21.24,2361696.14,2.23,817679.51,0.015,6786693.16,1.3,3238876,0.1,1209015,0.4,831299,0.4,304703,0.03,526597,-,-,0.8,1198562,1200.9,900804,-,-,1002.7,760468,711.4,589480,291.3,170987,198.2,140336,292.6,56730,126.2,5672,115.5,12798,51,38261,-,-,-,-,344.4,7055,202.1,4957,-,-,202.1,4957,142.27,2097.84,-,-,142.27,2097.84,-,-,-,-,-,-,-,-,-,-,1735.2,-,222.56,-,1512.6,-,-,-,-,-,1862.7,7382841
Jun-2009,22.3,10045167,20.1,2414892.93,2.2,932255.88,0.017,6698018.08,1.2,3467940,0.1,1392384,0.3,813765,0.3,249716,0.03,564049,-,-,0.7,1261791,1122.4,858217,-,-,935.1,724655,662.1,556785,273,167870,187.3,133562,233.2,44932,127.5,5750,60.7,8669,45,30513,-,-,-,-,317,6678,191,4863,-,-,191,4863,125.93,1814.71,-,-,125.93,1814.71,-,-,-,-,-,-,-,-,-,-,1692.3,-,228.44,-,1463.9,-,-,-,-,-,1696,7724916
May-2009,19.8,9367548,17.72,2005120.69,2.07,926922.08,0.017,6435505.38,1.1,3277524,0.1,1164123,0.3,797993,0.3,259205,0.03,538788,-,-,0.7,1315409,1102.3,851448,-,-,910.9,692707,643.2,532225,267.7,160482,191.4,158742,211.4,35932,121.3,5793,51.2,6665,38.9,23474,-,-,-,-,309.1,6704,182,4816,-,-,182,4816,127.08,1887.71,-,-,127.08,1887.71,-,-,-,-,-,-,-,-,-,-,1670.8,-,240.54,-,1430.3,-,-,-,-,-,1643.7,7103652
Apr-2009,18.2,7483010,16.2,1882570.44,1.94,938518.59,0.014,4661920.71,1,2801548,0.1,879158,0.3,695411,0.3,284512,0.02,410899,-,-,0.6,1226979,1109,937769,-,-,922.5,778434,657.2,608919,265.3,169515,186.5,159335,199.8,48670,122.2,5807,38.2,11134,39.4,31729,-,-,-,-,305.9,6711,185.4,4932,-,-,185.4,4932,120.47,1778.2,-,-,120.47,1778.2,-,-,-,-,-,-,-,-,-,-,1649.2,-,243.67,-,1405.5,-,-,-,-,-,1633.8,6615787
Mar-2009,19.4,6574648,17.22,2427783.53,2.2,1220060.37,0.02,2926804.14,1,3312908,0.1,1111329,0.2,693348,0.2,196717,0.03,496631,-,-,0.7,1508231,1247.1,1216445,-,-,1037.2,912214,742.1,717648,295.1,194565,209.9,304231,222.1,39386,135.6,5922,45.9,5762,40.5,27702,-,-,-,-,324.3,6518,207,4946,-,-,207,4946,117.21,1571.18,-,-,117.21,1571.18,-,-,-,-,-,-,-,-,-,-,1621.3,-,246.99,-,1374.3,-,-,-,-,-,1813.8,8223100
Feb-2009,15,5582080,13.15,1588921.37,1.84,962785.66,0.015,3030372.49,0.8,2475747,0.1,846655,0.2,629630,0.2,191203,0.03,438427,-,-,0.5,999462,1088,859982,-,-,901.4,715893,646.4,560954,255,154939,186.6,144089,237.7,34487,129.1,5688,75.5,8431,33.2,20368,-,-,-,-,306.4,6195,196,4659,-,-,196,4659,110.38,1535.25,-,-,110.38,1535.25,-,-,-,-,-,-,-,-,-,-,1597.5,-,255.12,-,1342.4,-,-,-,-,-,1647.9,5928117
Jan-2009,14.4,5625933,12.44,1617258.72,1.93,1007993.11,0.018,3000681.62,1.1,2804221,0.1,794849,0.4,768799,0.4,317483,0.02,451316,-,-,0.6,1240573,1138.6,938910,-,-,947.5,764998,678.1,599238,269.3,165760,191.1,173912,222.2,42634,137,5845,52.9,9154,32.3,27635,-,-,-,-,336.6,6889,217.9,5171,-,-,217.9,5171,118.69,1718.27,-,-,118.69,1718.27,-,-,-,-,-,-,-,-,-,-,1572.9,-,258.71,-,1314.2,-,-,-,-,-,1712.9,6417906
Dec-2008,13.7,5294124,11.76,1733974.18,1.94,1071438.17,0.017,2488711.51,1.3,3090832,0.1,806518,0.5,800496,0.4,376930,0.02,423566,-,-,0.7,1483818,1173.4,936948,-,-,964,804451,699.1,640109,264.9,164342,209.4,132497,216.2,34553,135.9,5901,48.3,7202,32,21449,-,-,-,-,344.5,6983,226,5311,-,-,226,5311,118.56,1671.64,-,-,118.56,1671.64,-,-,-,-,-,-,-,-,-,-,1536.9,-,261.53,-,1275.3,-,-,-,-,-,1749.1,6874729
Nov-2008,11.4,4013012,9.64,1333676.48,1.73,1005503.61,0.018,1673832.18,1,2568992,0.1,560710,0.3,541528,0.2,192140,0.02,349389,-,-,0.7,1466754,1104.4,896451,-,-,916.4,752536,649.5,593325,266.9,159211,188,143915,222,34611,137.1,5756,57.7,6758,27.2,22097,-,-,-,-,310.9,6914,205.7,5355,-,-,205.7,5355,105.13,1558.49,-,-,105.13,1558.49,-,-,-,-,-,-,-,-,-,-,1520.9,-,265.74,-,1255.1,-,-,-,-,-,1649.7,5846147
Oct-2008,10.9,5709503,9.17,1600262.02,1.72,1138951.4,0.019,2970289.89,1,2436502,0.1,369994,0.2,353781,0.2,142788,0.02,210994,-,-,0.8,1712727,1247.7,1072497,-,-,1049,931617,736.8,734951,312.2,196666,198.7,140881,287.1,41363,134.9,5907,121.4,9734,30.8,25722,-,-,-,-,355.5,8403,236.5,6442,-,-,236.5,6442,119.03,1960.77,-,-,119.03,1960.77,-,-,-,-,-,-,-,-,-,-,1486.4,-,266.75,-,1219.6,-,-,-,-,-,1902.2,6297979
Sep-2008,9.5,5467011,7.83,1856151.15,1.66,1107216.33,0.016,2503643.85,1.1,2630787,0.1,493140,0.2,422413,0.2,166721,0.01,255692,-,-,0.8,1715234,1120.8,1045407,-,-,938.7,909993,676.5,717759,262.3,192233,182.1,135415,253.2,31970,131.6,5627,96.3,9122,25.3,17221,-,-,-,-,323.1,7149,219.2,5636,-,-,219.2,5636,103.96,1513.4,-,-,103.96,1513.4,-,-,-,-,-,-,-,-,-,-,1465.6,-,268.2,-,1197.4,-,-,-,-,-,1707.7,6678681
Aug-2008,8.5,4100797,6.86,1436487.67,1.64,970634.47,0.014,1693674.67,1,2353601,0.1,530644,0.2,372861,0.2,121961,0.01,250900,-,-,0.8,1450096,1144.3,1000694,-,-,961,862233,687,674870,274,187363,183.3,138461,277.6,30254,133.9,5547,121.1,9493,22.6,15214,-,-,-,-,338.7,7539,226.3,5801,-,-,226.3,5801,112.41,1737.47,-,-,112.41,1737.47,-,-,-,-,-,-,-,-,-,-,1408,-,267.33,-,1140.6,-,-,-,-,-,1770.2,5799210
Jul-2008,8.7,4962469,6.92,1587652.09,1.76,1100562.35,0.016,2274254.62,1,2489761,0.1,615407,0.1,316373,0.1,93003,0.01,223370,-,-,0.8,1557982,1223.9,1115084,-,-,1018.8,948394,745.2,782798,273.5,165596,205.1,166690,248.6,38818,133.4,5448,92.4,10371,22.9,23000,-,-,-,-,325.5,6973,225,5578,-,-,224.5,5578,100.49,1394.4,-,-,100.49,1394.4,-,-,-,-,-,-,-,-,-,-,1399.1,-,268.68,-,1130.4,-,-,-,-,-,1807.7,6338851
Jun-2008,7.9,4513961,6.21,1646155.13,1.65,951811.99,0.012,1915993.71,0.9,2653337,0.1,894344,0.1,391502,0.1,109956,0.02,281546,-,-,0.7,1367491,1125.4,1073408,-,-,933.8,911800,671.6,738462,262.2,173338,191.6,161608,215.6,25945,132.3,5196,64.2,7554,19.2,13195,-,-,-,-,299.1,6549,206.2,5262,-,-,206.2,5262,92.91,1287.22,-,-,92.91,1287.22,-,-,-,-,-,-,-,-,-,-,1371.7,-,270.16,-,1101.5,-,-,-,-,-,1648.9,6357206
May-2008,7.6,4448417,5.95,1580007.83,1.67,885628.25,0.012,1982780.92,1.1,2647308,0.1,908157,0.2,510965,0.2,142729,0.02,368236,-,-,0.8,1228186,1171.4,1105412,-,-,980.6,921997,703.2,743507,277.4,178490,190.8,183415,198.7,30511,132.7,5130,47.3,5315,18.7,20067,-,-,-,-,308.3,6955,215,5582,-,-,215,5582,93.33,1373.54,-,-,93.33,1373.54,-,-,-,-,-,-,-,-,-,-,1349.9,-,267.34,-,1082.5,-,-,-,-,-,1687,6255823
Apr-2008,6.8,4847957,5.19,1595777.62,1.57,853187.78,0.011,2398991.55,0.8,2552797,0.1,893039,0.1,452823,0.1,108603,0.02,344220,-,-,0.6,1206936,1189.1,1207897,-,-,990.1,972118,711.8,793765,278.2,178353,199,235779,205.1,31886,127.1,5009,61,8590,17,18286,-,-,-,-,299.9,6837,215.5,5611,-,-,215.5,5611,84.44,1225.51,-,-,84.44,1225.51,-,-,-,-,-,-,-,-,-,-,1333,-,283.12,-,1049.9,-,-,-,-,-,1701.7,6248383
Mar-2008,7.2,4711803,5.51,1798787.8,1.64,978417.44,0.009,1934597.92,0.9,2678282,0.1,823081,0.1,423519,0.1,97922,0.02,325597,-,-,0.7,1431683,1279.4,1309361,-,-,1073,1134806,770.2,926987,302.8,207819,206.4,174554,192.8,31259,128,4202,48.9,6636,15.9,20421,-,-,-,-,297.6,6488,210.5,5300,-,-,210.5,5300,87.15,1188.09,-,-,87.15,1188.09,-,-,-,-,-,-,-,-,-,-,1299.8,-,275.47,-,1024.4,-,-,-,-,-,1777.9,6802595
Feb-2008,6.4,4701199,4.81,1637191.34,1.56,989586.62,0.01,2074421.18,1,2804133,0.1,900169,0.3,634177,0.2,192140,0.03,442037,-,-,0.7,1269788,1244.1,1156447,-,-,1043.7,988548,744.2,794536,299.5,194012,200.4,167899,224.6,690922,122.8,4757,86.6,675224,15.2,10941,-,-,-,-,280.5,6316,198.9,5183,-,-,198.9,5183,81.58,1132.49,-,-,81.58,1132.49,-,-,-,-,-,-,-,-,-,-,1264.8,-,268.75,-,996,-,-,-,-,-,1756.6,7284596
Jan-2008,6.4,5159520,4.75,1746044.67,1.59,1188764.3,0.01,2224710.94,1.1,2768610,0.1,892784,0.4,738879,0.4,313153,0.03,425726,-,-,0.6,1136947,1313.9,1299798,-,-,1101.4,1145968,793.6,953208,307.8,192760,212.5,153831,185.1,27930,117.8,4562,52.6,7430,14.8,15938,-,-,-,-,288.8,6592,207.2,5451,-,-,207.2,5451,81.54,1141.4,-,-,81.54,1141.4,-,-,-,-,-,-,-,-,-,-,1234.2,-,266.33,-,967.9,-,-,-,-,-,1795.3,7037740
Dec-2007,5.5,3916030,4.08,1414048.47,1.45,791095.44,0.009,1710886.16,0.8,2090076,0.1,722081,0.2,451725,0.1,131217,0.02,320508,-,-,0.5,916270,1242.9,1149430,-,-,1044.8,1007811,737.2,816612,307.6,191199,198.1,141620,184.5,31621,116.1,5204,55.4,15274,13.1,11144,-,-,-,-,283.2,6594,202.5,5363,-,-,202.5,5363,80.72,1231.42,-,-,80.72,1231.42,-,-,-,-,-,-,-,-,-,-,1209.3,-,262.45,-,946.9,-,-,-,-,-,1716.9,5482866
Nov-2007,5.2,4072778,3.76,1394946.07,1.47,887495.28,0.01,1790336.55,0.8,1973528,0.1,686746,0.1,386613,0.1,81125,0.02,305488,-,-,0.6,900169,1180.5,1198038,-,-,979.7,978282,701.5,809893,278.2,168389,200.8,219755,203.1,26291,114.8,4349,75.1,12555,13.2,9387,-,-,-,-,283.3,6635,199.4,5375,-,-,199.4,5375,83.84,1260,-,-,83.84,1260,-,-,-,-,-,-,-,-,-,-,1181.3,-,258.74,-,922.6,-,-,-,-,-,1672.9,5486933
Oct-2007,4.8,4949174,3.41,1307702.75,1.41,846505.29,0.013,2794965.61,1,2489458,0.1,769062,0.1,518303,0.1,120505,0.02,397799,-,-,0.7,1202092,1309.6,1118385,-,-,1099.3,992997,785.8,817339,313.5,175658,210.3,125388,207.8,31198,111.6,4213,84,12402,12.3,14583,-,-,-,-,285.2,6318,207.5,5201,-,-,207.5,5201,77.69,1117.23,-,-,77.69,1117.23,-,-,-,-,-,-,-,-,-,-,1153.2,-,256.16,-,897.1,-,-,-,-,-,1808.4,5799567
Sep-2007,4.1,4153981,2.78,1209224.98,1.27,910182.26,0.009,2034573.88,0.8,2235412,0.1,668018,0.1,508706,0.1,97569,0.02,411138,-,-,0.6,1058687,1106.2,982442,-,-,913.8,869312,657.2,718008,256.6,151304,192.4,113130,171,23417,103,4541,58.4,9576,9.6,9301,-,-,-,-,243.1,5268,174.2,4315,-,-,174.2,4315,68.91,953.07,-,-,68.91,953.07,-,-,-,-,-,-,-,-,-,-,1127.9,-,251.4,-,876.5,-,-,-,-,-,1525.2,5365947
Aug-2007,4.2,3946480,2.81,1188033.68,1.37,983548.72,0.012,1774897.37,0.9,2238538,0.1,672243,0.2,537618,0.1,120419,0.03,417199,-,-,0.7,1028677,1215.2,995282,-,-,1020.9,875538,730.4,716283,290.5,159255,194.3,119744,188.6,22650,98.5,3311,81.2,11944,9,7396,-,-,-,-,260.7,5609,188.4,4601,-,-,188.4,4601,72.3,1008.71,-,-,72.3,1008.71,-,-,-,-,-,-,-,-,-,-,1099,-,249.48,-,849.5,-,-,-,-,-,1669.6,5433662
Jul-2007,4,3390128,2.63,1383382.06,1.31,840713.46,0.021,1166032.85,1,1997513,0.1,519190,0.3,500032,0.3,228951,0.02,271081,-,-,0.6,978291,1225.7,1033767,-,-,1028.1,917884,752,765060,276.1,152824,197.6,115883,396.1,155213,132.7,6648,104,16570,159.5,131995,-,-,-,-,418.4,8234,179.5,4451,-,-,179.5,4451,238.91,3783.88,-,-,238.91,3783.88,-,-,-,-,-,-,-,-,-,-,1064.6,-,244.89,-,819.7,-,-,-,-,-,2045.1,5418823
Jun-2007,3.8,3185138,2.49,1250113.93,1.31,816059.7,0.019,1118964.32,0.9,1813373,0.1,539300,0.2,370942,0.1,113570,0.02,257372,-,-,0.6,903131,1140.3,1020164,-,-,951.9,887892,687.2,730703,264.8,157188,188.4,132273,360,134702,135.4,6515,66.9,13655,157.7,114532,-,-,-,-,415.7,8392,171.9,4191,-,-,171.9,4191,243.87,4201.36,-,-,243.87,4201.36,-,-,-,-,-,-,-,-,-,-,1039.6,-,243.98,-,795.7,-,-,-,-,-,1920.7,5042804
May-2007,3.7,3056183,2.37,933089.84,1.32,875831.15,0.009,1247261.89,0.8,1690198,0.1,520254,0.1,302367,0.1,78230,0.02,224137,-,-,0.6,867578,1178.9,1112304,-,-,990.5,871553,705.8,708984,284.7,162569,188.4,240751,358.4,152412,132.4,6290,77.3,15827,148.7,130295,-,-,-,-,399.3,8002,174.7,4296,-,-,174.7,4296,224.62,3705.54,-,-,224.62,3705.54,-,-,-,-,-,-,-,-,-,-,1025.9,-,241.29,-,784.6,-,-,-,-,-,1941.1,4771836
Apr-2007,3.3,3052145,2.06,837607.28,1.23,1109957.75,0.006,1104580.02,0.9,1661142,0.1,397902,0.1,229721,0.1,79052,0.02,150669,-,-,0.7,1033519,1169,1020649,-,-,982.6,858101,711,694136,271.6,163964,186.4,162548,370.5,165754,138.6,5863,68.4,9510,163.6,150381,-,-,-,-,381.1,7615,167.4,4258,-,-,167.4,4258,213.73,3356.98,-,-,213.73,3356.98,-,-,-,-,-,-,-,-,-,-,993.7,-,235.03,-,758.7,-,-,-,-,-,1924.8,4802725
Mar-2007,3.7,3580462,2.31,1060334.53,1.41,1098219.29,0.01,1421908.43,0.8,1627012,0.1,423886,0.1,263543,0.1,55106,0.02,208437,-,-,0.6,939583,1324.7,1280999,-,-,1091.9,1114016,790.8,921429,301.1,192587,232.8,166983,370.1,106727,132,4972,103.7,11167,134.3,90588,-,-,-,-,363.7,7404,158.3,4099,-,-,158.3,4099,205.46,3304.43,-,-,205.46,3304.43,-,-,-,-,-,-,-,-,-,-,981,-,231.23,-,749.8,-,-,-,-,-,2063,5180695
Feb-2007,3.1,2492396,1.87,737553.1,1.19,863897.68,0.01,890944.82,0.7,1398866,0.1,419391,0.1,238888,0.1,67412,0.02,171476,-,-,0.5,740587,1152,1009236,-,-,974.2,878284,705.1,718902,269.1,159382,177.8,130953,330,109140,133.1,6106,67.3,9146,129.6,93888,-,-,-,-,369.6,7588,147.3,3875,-,-,147.3,3875,222.32,3712.67,-,-,222.32,3712.67,-,-,-,-,-,-,-,-,-,-,946.8,-,226.54,-,720.3,-,-,-,-,-,1855.3,4126281
Jan-2007,3,2511746,1.78,598777.17,1.22,841163.48,0.01,1071805,0.8,1370667,0.1,378184,0.1,240536,0.1,82360,0.02,158176,-,-,0.6,751947,1144,1151567,-,-,955.3,861831,695.9,706834,259.5,154997,188.7,289736,346.7,121648,134.6,6222,77.5,21707,134.6,93720,-,-,-,-,375.8,7716,161.9,4110,-,-,161.9,4110,213.91,3605.89,-,-,213.91,3605.89,-,-,-,-,-,-,-,-,-,-,919.5,-,221.08,-,698.4,-,-,-,-,-,1870.3,4091539
Dec-2006,4.1,2673509,2.82,714428.61,1.24,1024691.36,0.01,934388.79,0.7,1359481,0.1,387829,0.1,259641,0.1,87552,0.02,172089,-,-,0.5,712011,1136.7,1006191,-,-,956.8,898722,696.1,748085,260.7,150637,179.9,107469,340.6,100939,131.8,6090,91.3,17488,117.5,77361,-,-,-,-,360.7,7606,151.9,3884,-,-,151.9,3884,208.8,3722.47,-,-,208.8,3722.47,-,-,-,-,-,-,-,-,-,-,905.3,-,215.99,-,689.3,-,-,-,-,-,1842.7,4213337
Nov-2006,3.9,2416742,2.64,665072.44,1.24,1052418.91,0.01,699250.46,1,1663523,0.1,462395,0.3,435740,0.3,173279,0.03,262461,-,-,0.6,765388,1156.2,975051,-,-,974.7,858613,703.6,703614,271.1,155000,181.5,116438,416.1,111990,132.8,8935,167.1,25352,116.3,77704,-,-,-,-,354.5,7317,139.6,3602,-,-,139.6,3602,214.92,3714.37,-,-,214.92,3714.37,-,-,-,-,-,-,-,-,-,-,875.2,-,210.98,-,664.2,-,-,-,-,-,1931.7,4475373
Oct-2006,3.4,1930289,2.29,469506.04,1.09,939937.84,0.01,520844.85,0.6,1251124,0.1,373561,0.1,287231,0.1,73362,0.02,213869,-,-,0.4,590333,1104.8,920602,-,-,930.5,810084,680.9,660850,249.6,149235,174.3,110518,332.9,79737,126.7,5960,107.9,12790,98.4,60987,-,-,-,-,342,6977,151.7,3992,-,-,151.7,3992,190.37,2985.23,-,-,190.37,2985.23,-,-,-,-,-,-,-,-,-,-,863.4,-,204.85,-,658.6,-,-,-,-,-,1783.8,3667884
Sep-2006,3.3,2120784,2.19,556877.18,1.13,965023.29,0.01,598883.04,0.8,1374215,0.1,369532,0.2,388166,0.2,149361,0.03,238805,-,-,0.5,616517,1108.9,1003643,-,-,934,891105,664.8,747284,269.2,143821,174.9,112538,358.4,82374,126.4,5791,133.9,14942,98,61642,-,-,-,-,341.7,6591,136.2,3270,-,-,136.2,3270,205.52,3321.09,-,-,205.52,3321.09,-,-,-,-,-,-,-,-,-,-,814.4,-,200.39,-,614,-,-,-,-,-,1813.1,3988724
Aug-2006,3.3,1387872,2.16,482295.19,1.16,905576.67,-,-,0.7,1272486,0.1,374215,0.2,368320,0.1,106897,0.03,261423,-,-,0.5,529952,1150.6,937757,-,-,966.7,821927,701.4,660121,265.3,161806,183.9,115830,346.6,96747,129.6,5903,122.4,23792,94.6,67052,-,-,-,-,328.1,6115,139.8,3212,-,-,139.8,3212,188.37,2903.02,-,-,188.37,2903.02,-,-,-,-,-,-,-,-,-,-,785.3,-,195.65,-,589.6,-,-,-,-,-,1829.4,3700977
Jul-2006,3,1346466,1.87,454992.42,1.11,891473.23,-,-,0.6,1186574,0.1,391738,0.1,286084,0.1,44318,0.03,241766,-,-,0.5,508753,1094.9,875609,-,-,922.3,767976,669.9,624621,252.4,143355,172.6,107633,118.4,16918,53.2,1644,61.9,6078,3.4,9196,-,-,-,-,183,3577,133.7,2957,-,-,133.7,2957,49.26,620.25,-,-,49.26,620.25,-,-,-,-,-,-,-,-,-,-,763.4,-,190.27,-,573.1,-,-,-,-,-,1399.9,3429144
Jun-2006,2.9,1437408,1.82,490716.67,1.13,946691.37,-,-,0.7,1298934,0.1,363646,0.1,323243,0.1,48566,0.03,274677,-,-,0.5,612045,1074.5,935456,-,-,892.1,816855,654,680617,238.2,136239,182.4,118600,107.4,9439,51.5,1585,52.5,3470,3.4,4384,-,-,-,-,168.1,3331,125.5,2774,-,-,125.5,2774,42.6,557.22,-,-,42.6,557.22,-,-,-,-,-,-,-,-,-,-,732.6,-,185.76,-,546.9,-,-,-,-,-,1353.6,3684567
May-2006,2.8,1505770,1.72,522421.94,1.1,983347.64,-,-,0.7,1411487,0.1,428667,0.1,301218,0.1,67749,0.03,233470,-,-,0.5,681602,1141.5,993452,-,-,946.7,877956,689.8,723599,256.9,154357,194.8,115497,93.7,15897,43.5,1685,46.8,8978,3.4,5234,-,-,-,-,176.3,3557,131.9,2971,-,-,131.9,2971,44.37,586.38,-,-,44.37,586.38,-,-,-,-,-,-,-,-,-,-,707.5,-,180.55,-,527,-,-,-,-,-,1415,3930163
Apr-2006,2.3,1215739,1.36,414832.62,0.92,800905.93,-,-,0.6,1119017,0.1,359228,0.1,185428,0.1,65574,0.02,119854,-,-,0.4,574362,1084.1,952862,-,-,895.7,838068,657.5,703540,238.2,134527,188.4,114795,89.4,10151,44.7,1528,41.7,4362,3,4261,-,-,-,-,159.2,3156,117.7,2616,-,-,117.7,2616,41.5,540.91,-,-,41.5,540.91,-,-,-,-,-,-,-,-,-,-,695.3,-,177.16,-,518.1,-,-,-,-,-,1335.6,3300925
Mar-2006,2.5,1409949,-,-,-,-,-,-,0.6,1312761,0.1,432483,0.1,239749,0.1,45173,0.03,194577,-,-,0.5,640529,1279.3,1174011,-,-,1060,1042456,787.1,879323,272.9,163133,219.3,131555,76.4,9343,44.3,1537,28.8,2082,3.3,5724,-,-,-,-,188.9,3650,147.5,3116,-,-,147.5,3116,41.41,533.96,-,-,41.41,533.96,-,-,-,-,-,-,-,-,-,-,-,-,-,-,-,-,-,-,-,-,1545.3,2499765
Feb-2006,1.9,949749,-,-,-,-,-,-,0.6,1091691,0.1,392866,0.1,181206,0.1,42657,0.02,138548,-,-,0.4,517620,1088.6,914826,-,-,892.5,797488,672.6,665644,219.9,131844,196.1,117338,83.4,8813,38.9,1376,41.8,3175,2.7,4262,-,-,-,-,173.1,3344,134.9,2873,-,-,134.9,2873,38.24,470.95,-,-,38.24,470.95,-,-,-,-,-,-,-,-,-,-,-,-,-,-,-,-,-,-,-,-,1345.7,2018674
Jan-2006,1.8,1087455,-,-,-,-,-,-,0.7,1083802,0.1,307603,0.1,205369,0.1,57783,0.02,147586,-,-,0.5,570830,1124.9,927633,-,-,902.3,789481,680.7,670951,221.6,118530,222.6,138152,73.8,8570,33.7,1191,37.1,2880,2.9,4499,-,-,-,-,187.7,3469,147.1,2959,-,-,147.1,2959,40.65,510.18,-,-,40.65,510.18,-,-,-,-,-,-,-,-,-,-,-,-,-,-,-,-,-,-,-,-,1387.1,2023473
Dec-2005,1.8,1308818,-,-,-,-,-,-,0.7,1038200,0.1,286022,0.1,222827,0.1,56643,0.02,166184,-,-,0.5,529351,1134.5,995931,-,-,918.7,856923,699,739733,219.6,117190,215.8,139008,72.7,8245,35.3,1241,34.4,2597,3,4406,-,-,-,-,186.5,3377,146.2,2866,-,-,146.2,2866,40.36,510.84,-,-,40.36,510.84,-,-,-,-,-,-,-,-,-,-,-,-,-,-,-,-,-,-,-,-,1394.4,2045754
Nov-2005,1.5,1026589,-,-,-,-,-,-,0.6,858657,0.1,237155,0.1,209738,0.1,62195,0.02,147543,-,-,0.4,411764,994.3,829169,-,-,798.1,699995,613.6,579771,184.5,120224,196.2,129174,62.7,7570,32.4,1095,27.6,1979,2.7,4496,-,-,-,-,179.4,3230,143.3,2756,-,-,143.3,2756,36.09,474.22,-,-,36.09,474.22,-,-,-,-,-,-,-,-,-,-,-,-,-,-,-,-,-,-,-,-,1237,1698626
Oct-2005,1.6,1046956,-,-,-,-,-,-,0.6,903480,0.1,272037,0.1,192535,0.1,61416,0.02,131119,-,-,0.5,438907,1168.9,957067,-,-,956.2,802927,723.6,690744,232.6,112183,212.7,154140,77.1,9826,27.7,1007,46.5,3203,3,5615,-,-,-,-,145.9,2962,104.1,2505,-,-,104.1,2505,41.87,456.42,-,-,41.87,456.42,-,-,-,-,-,-,-,-,-,-,-,-,-,-,-,-,-,-,-,-,1392.6,1873334
Sep-2005,1.4,981164,-,-,-,-,-,-,0.6,799209,0.1,214288,0.2,237160,0.2,95624,0.02,141537,-,-,0.4,347761,946.3,822777,-,-,747,715808,606.3,635733,140.7,80075,199.3,106969,76.2,9709,36.1,1639,37.7,2354,2.5,5716,-,-,-,-,152.8,2977,119,2601,-,-,119,2601,33.74,376.04,-,-,33.74,376.04,-,-,-,-,-,-,-,-,-,-,-,-,-,-,-,-,-,-,-,-,1175.9,1634672
Aug-2005,1.3,871387,-,-,-,-,-,-,0.6,884628,0.1,210886,0.2,256742,0.1,91473,0.02,165269,-,-,0.4,417000,1060.8,849112,-,-,840.7,749261,675.1,668741,165.6,80520,220.1,99851,77.6,9594,24.9,830,50.3,3271,2.4,5492,-,-,-,-,157.6,3480,123.4,3060,-,-,123.4,3060,34.21,419.9,-,-,34.21,419.9,-,-,-,-,-,-,-,-,-,-,-,-,-,-,-,-,-,-,-,-,1296.6,1746813
Jul-2005,1.1,812662,-,-,-,-,-,-,0.5,708178,0.1,175849,0.1,209816,0.1,69518,0.02,140298,-,-,0.3,322513,1083,829275,-,-,830.8,717517,644.4,632605,186.4,84912,252.2,111757,65.6,9670,23.7,761,39.6,3440,2.2,5469,-,-,-,-,166.4,3170,126.8,2676,-,-,126.8,2676,39.57,494.58,-,-,39.57,494.58,-,-,-,-,-,-,-,-,-,-,-,-,-,-,-,-,-,-,-,-,1315.5,1550293
Jun-2005,1.1,830819,-,-,-,-,-,-,0.7,793391,0,156980,0.2,248124,0.2,119403,0.02,128721,-,-,0.4,388287,998.8,985037,-,-,798.7,766531,621.4,672055,177.3,94476,200.1,218507,64.4,9141,21.7,722,40.6,2890,2.1,5529,-,-,-,-,156.7,3349,121.6,2714,-,-,121.6,2714,35.05,635.03,-,-,35.05,635.03,-,-,-,-,-,-,-,-,-,-,-,-,-,-,-,-,-,-,-,-,1220.5,1790917
May-2005,1,630558,-,-,-,-,-,-,0.6,702264,0,152910,0.1,189798,0.1,83739,0.02,106059,-,-,0.4,359556,963.2,1019761,-,-,763.1,736681,586.7,648809,176.4,87871,200.1,283081,49.7,8010,21,990,26.7,1949,2,5071,-,-,-,-,166.5,3691,129.2,3211,-,-,129.2,3211,37.38,479.9,-,-,37.38,479.9,-,-,-,-,-,-,-,-,-,-,-,-,-,-,-,-,-,-,-,-,1180,1733726
Apr-2005,0.7,584730,-,-,-,-,-,-,0.4,575808,0,114056,0.1,166195,0.1,79128,0.02,87067,-,-,0.3,295557,1025.1,1024537,-,-,810.3,799304,631.8,710867,178.5,88437,214.8,225233,52.9,8109,19.8,597,31.2,2505,1.9,5007,-,-,-,-,156.1,3084,117.8,2549,-,-,117.8,2549,38.29,535.12,-,-,38.29,535.12,-,-,-,-,-,-,-,-,-,-,-,-,-,-,-,-,-,-,-,-,1234.5,1611538
Mar-2005,0.7,582566,-,-,-,-,-,-,0.6,729098,0,115504,0.1,188627,0.1,74928,0.02,113699,-,-,0.4,424968,-,-,-,-,-,-,-,-,-,-,-,-,48.4,8038,17.8,522,28.5,1310,2.1,6206,-,-,-,-,154.7,2949,118.5,2482,-,-,118.5,2482,36.21,467.42,-,-,36.21,467.42,-,-,-,-,-,-,-,-,-,-,-,-,-,-,-,-,-,-,-,-,203.6,740086
Feb-2005,0.6,560982,-,-,-,-,-,-,0.6,712582,0,107421,0.2,215630,0.1,92898,0.02,122732,-,-,0.4,389531,-,-,-,-,-,-,-,-,-,-,-,-,52.2,6385,16.1,72,35.6,1637,0.5,4676,-,-,-,-,142.7,2666,106.8,2202,-,-,106.8,2202,35.91,463.56,-,-,35.91,463.56,-,-,-,-,-,-,-,-,-,-,-,-,-,-,-,-,-,-,-,-,195.5,721633
Jan-2005,0.6,556314,-,-,-,-,-,-,0.5,616342,0,92415,0.1,216841,0.1,80679,0.02,136162,-,-,0.4,307086,-,-,-,-,-,-,-,-,-,-,-,-,52.5,7422,14.9,230,36.1,2474,1.6,4719,-,-,-,-,152.2,2791,116.6,2332,-,-,116.6,2332,35.62,459.73,-,-,35.62,459.73,-,-,-,-,-,-,-,-,-,-,-,-,-,-,-,-,-,-,-,-,205.3,626556
Dec-2004,0.6,565783,-,-,-,-,-,-,0.7,781318,0,129504,0.2,262920,0.1,93067,0.02,169853,-,-,0.5,388894,-,-,-,-,-,-,-,-,-,-,-,-,46.2,7798,15,223,29.7,1465,1.6,6110,-,-,-,-,148.7,2833,113.4,2377,-,-,113.4,2377,35.32,455.93,-,-,35.32,455.93,-,-,-,-,-,-,-,-,-,-,-,-,-,-,-,-,-,-,-,-,195.5,791949
Nov-2004,0.5,423417,-,-,-,-,-,-,0.5,632381,0,110986,0.1,198553,0.1,59908,0.02,138646,-,-,0.4,322842,-,-,-,-,-,-,-,-,-,-,-,-,51,6785,13.2,199,35.8,2059,2,4527,-,-,-,-,157.5,2932,122.5,2480,-,-,122.5,2480,35.03,452.16,-,-,35.03,452.16,-,-,-,-,-,-,-,-,-,-,-,-,-,-,-,-,-,-,-,-,209,642098
Oct-2004,0.4,424808,-,-,-,-,-,-,0.5,556655,0,97356,0.1,199149,0.1,77446,0.02,121703,-,-,0.3,260149,-,-,-,-,-,-,-,-,-,-,-,-,54.4,5626,13.9,216,38.9,1391,1.6,4019,-,-,-,-,147.8,2700,113.1,2252,-,-,113.1,2252,34.74,448.43,-,-,34.74,448.43,-,-,-,-,-,-,-,-,-,-,-,-,-,-,-,-,-,-,-,-,202.7,564981
Sep-2004,0.4,347041,-,-,-,-,-,-,0.5,630302,0,76868,0.2,245720,0.2,109388,0.02,136332,-,-,0.3,307714,-,-,-,-,-,-,-,-,-,-,-,-,41.4,5848,11.2,243,28.9,1172,1.3,4433,-,-,-,-,135,2449,100.6,2004,-,-,100.6,2004,34.45,444.72,-,-,34.45,444.72,-,-,-,-,-,-,-,-,-,-,-,-,-,-,-,-,-,-,-,-,176.9,638598
Aug-2004,0.3,255383,-,-,-,-,-,-,0.5,533461,0,62023,0.1,188164,0.1,83113,0.02,105050,-,-,0.3,283275,-,-,-,-,-,-,-,-,-,-,-,-,49.8,7219,11.1,380,37.5,1950,1.2,4889,-,-,-,-,142.1,2504,107.9,2063,-,-,107.9,2063,34.17,441.05,-,-,34.17,441.05,-,-,-,-,-,-,-,-,-,-,-,-,-,-,-,-,-,-,-,-,192.3,543184
Jul-2004,0.2,140714,-,-,-,-,-,-,0.6,635120,0,58605,0.2,233658,0.1,85779,0.03,147879,-,-,0.4,342857,-,-,-,-,-,-,-,-,-,-,-,-,63.2,6824,11.2,221,45.5,2183,6.6,4420,-,-,-,-,131.5,2297,97.7,1860,-,-,97.7,1860,33.89,437.4,-,-,33.89,437.4,-,-,-,-,-,-,-,-,-,-,-,-,-,-,-,-,-,-,-,-,195.3,644241
Jun-2004,0.2,119041,-,-,-,-,-,-,0.6,627037,0,52189,0.2,238375,0.1,107005,0.02,131370,-,-,0.4,336473,-,-,-,-,-,-,-,-,-,-,-,-,42.9,4840,9.5,200,31.3,961,2.2,3679,-,-,-,-,137,2343,103.4,1909,-,-,103.4,1909,33.61,433.79,-,-,33.61,433.79,-,-,-,-,-,-,-,-,-,-,-,-,-,-,-,-,-,-,-,-,180.6,634220
May-2004,0.1,82065,-,-,-,-,-,-,0.6,622224,0,46430,0.2,236053,0.2,113011,0.02,123042,-,-,0.4,339741,-,-,-,-,-,-,-,-,-,-,-,-,32.7,4787,9.3,202,20.6,948,2.8,3637,-,-,-,-,131.9,2328,98.6,1898,-,-,98.6,1898,33.33,430.21,-,-,33.33,430.21,-,-,-,-,-,-,-,-,-,-,-,-,-,-,-,-,-,-,-,-,165.2,629340
Apr-2004,0,8069,-,-,-,-,-,-,0.7,634800,0,27455,0.3,268440,0.2,157002,0.02,111438,-,-,0.4,338905,-,-,-,-,-,-,-,-,-,-,-,-,44.4,6129,9.8,213,32.3,2629,2.3,3286,-,-,-,-,128.8,2255,95.7,1829,-,-,95.7,1829,33.05,426.65,-,-,33.05,426.65,-,-,-,-,-,-,-,-,-,-,-,-,-,-,-,-,-,-,-,-,173.8,643184
"Note: Mobile Banking - The data from July 2017 includes only individual payments and corporate payments initiated, processed, and authorised using mobile device. Other corporate payments which are not  initiated, processed, and authorised using mobile device are excluded.
          2.1: With effect from November 05, 2018, CCIL has discontinued CBLO.
          2.2.3: Tri-party Repo under the Securities segment has been operationalised from November 05, 2018.",,,,,,,,,,,,,,,,,,,,,,,,,,,,,,,,,,,,,,,,,,,,,,,,,,,,,,,,,,,,,,,,,,,,,,,,,,,,,,,,,,
